ministry,website,division,name,designation,room,phones,email,source_url
Civil Aviation (MoCA),https://www.civilaviation.gov.in,Minister's Office,Shri Kinjarapu Rammohan Naidu,Hon'ble Minister,,"24610350, 24632991",hm.moca@gov.in,https://www.civilaviation.gov.in/about-ministry/whos-who
Civil Aviation (MoCA),https://www.civilaviation.gov.in,Minister's Office,Shri Shrikesh Lathkar,PS to HMCA,,"24610362, 24610350",ps-hmca@gov.in,https://www.civilaviation.gov.in/about-ministry/whos-who
Civil Aviation (MoCA),https://www.civilaviation.gov.in,Minister's Office,Shri Naupada Satyanarayana,Addl. PS to HMCA,,,satya.naupada@gov.in,https://www.civilaviation.gov.in/about-ministry/whos-who
Civil Aviation (MoCA),https://www.civilaviation.gov.in,Minister's Office,Shri Menda Latchanna,1st PA to HMCA,,,latchanna.menda@gov.in,https://www.civilaviation.gov.in/about-ministry/whos-who
Civil Aviation (MoCA),https://www.civilaviation.gov.in,Minister's Office,Mr. Dhan Singh Bisht,LPA to HMCA,,,dsbisht.moca@gov.in,https://www.civilaviation.gov.in/about-ministry/whos-who
Civil Aviation (MoCA),https://www.civilaviation.gov.in,Minister of State Office,Shri Murlidhar Mohol,Hon'ble Minister of State,,"24603846, 24626001, 24627231",mos.moca@gov.in,https://www.civilaviation.gov.in/about-ministry/whos-who
Civil Aviation (MoCA),https://www.civilaviation.gov.in,Minister of State Office,Shri Aditya Shirirsh Joshi,Asst. PS to HMoS,,"24626001, 24627231, 24603846",mos.moca@gov.in,https://www.civilaviation.gov.in/about-ministry/whos-who
Civil Aviation (MoCA),https://www.civilaviation.gov.in,Minister of State Office,Shri Nisarg Upendra Vyas,1st PA to HMoS,,"24627231, 24626001, 24603846",mos.moca@gov.in,https://www.civilaviation.gov.in/about-ministry/whos-who
Civil Aviation (MoCA),https://www.civilaviation.gov.in,Minister of State Office,Shri Ashish Soni,Section Officer to HMoS,,"24627231, 24626001",mos.moca@gov.in,https://www.civilaviation.gov.in/about-ministry/whos-who
Civil Aviation (MoCA),https://www.civilaviation.gov.in,Minister of State Office,Shri Dinesh Kumar,Protocol Officer to HMoS,,"24627231, 24626001, 24603846",officemos.moca@gov.in,https://www.civilaviation.gov.in/about-ministry/whos-who
Civil Aviation (MoCA),https://www.civilaviation.gov.in,Secretary's Office,Shri Samir Kumar Sinha,Secretary,,,secy.moca@nic.in,https://www.civilaviation.gov.in/about-ministry/whos-who
Civil Aviation (MoCA),https://www.civilaviation.gov.in,Secretary's Office,Shri P M Muralidharen,Consultant,,,secy.moca@nic.in,https://www.civilaviation.gov.in/about-ministry/whos-who
Civil Aviation (MoCA),https://www.civilaviation.gov.in,Secretary's Office,Shri V P Singh,Sr. PPS to Secretary,,,secy.moca@nic.in,https://www.civilaviation.gov.in/about-ministry/whos-who
Civil Aviation (MoCA),https://www.civilaviation.gov.in,Secretary's Office,Shri Azeez Baig,PPS to Secretary,,,secy.moca@nic.in,https://www.civilaviation.gov.in/about-ministry/whos-who
Civil Aviation (MoCA),https://www.civilaviation.gov.in,Additional Secretary,Shri Puneet Kansal,Additional Secretary,,,as-moca@gov.in,https://www.civilaviation.gov.in/about-ministry/whos-who
Civil Aviation (MoCA),https://www.civilaviation.gov.in,Additional Secretary,Shri Surender Kumar,PPS to AS (P.K),,Ext. - 2835,surender.kumar32@nic.in,https://www.civilaviation.gov.in/about-ministry/whos-who
Civil Aviation (MoCA),https://www.civilaviation.gov.in,Additional Secretary,Ms. Nisha,PS to AS (PK),,Ext. - 2835,nisha.01@nic.in,https://www.civilaviation.gov.in/about-ministry/whos-who
Civil Aviation (MoCA),https://www.civilaviation.gov.in,Senior Economic Advisor,Ms. Navdeep,Principal Staff Officer,,"24629322, Ext. No- 2814/ 2815",navdeep.67@gov.in,https://www.civilaviation.gov.in/about-ministry/whos-who
Civil Aviation (MoCA),https://www.civilaviation.gov.in,Senior Economic Advisor,Shri Subodh Kant Sinha,Private Secretary,,"24629322, Ext. No- 2814/ 2815",subodh.sinha@gov.in,https://www.civilaviation.gov.in/about-ministry/whos-who
Civil Aviation (MoCA),https://www.civilaviation.gov.in,Chief Commissioner of Railway Safety,Shri Janak Kumar Garg,CC Railway Safety,,,ccrs-moca@gov.in,https://www.civilaviation.gov.in/about-ministry/whos-who
Civil Aviation (MoCA),https://www.civilaviation.gov.in,Chief Commissioner of Railway Safety,Shri Ramji Lal,PPS to CCRS,,,,https://www.civilaviation.gov.in/about-ministry/whos-who
Civil Aviation (MoCA),https://www.civilaviation.gov.in,Financial Advisor,Shri Padam Lal Negi,Joint Secretary and Financial Advisor,,,faoffice-moca@gov.in,https://www.civilaviation.gov.in/about-ministry/whos-who
Civil Aviation (MoCA),https://www.civilaviation.gov.in,Financial Advisor,Smt. Manju Sharma,Consultant,,,faoffice-moca@gov.in,https://www.civilaviation.gov.in/about-ministry/whos-who
Civil Aviation (MoCA),https://www.civilaviation.gov.in,Joint Secretaries and Equivalent,Shri. Asangba Chuba Ao,JS (ACA),,,jsdt-moca@gov.in,https://www.civilaviation.gov.in/about-ministry/whos-who
Civil Aviation (MoCA),https://www.civilaviation.gov.in,Joint Secretaries and Equivalent,Shri Yogesh Kumar Butta,PPS to JS (ACA),,"24617692, Ext.- 2830",yogesh.butta@nic.in,https://www.civilaviation.gov.in/about-ministry/whos-who
Civil Aviation (MoCA),https://www.civilaviation.gov.in,Joint Secretaries and Equivalent,Shri Kumudranjan Kumar,Steno to JS (ACA),,Ext. - 3705,kumudranjan.kr@gov.in,https://www.civilaviation.gov.in/about-ministry/whos-who
Civil Aviation (MoCA),https://www.civilaviation.gov.in,Joint Secretaries and Equivalent,Shri Pramod Kumar Thakur,Deputy Director General,,,pk.thakur@nic.in,https://www.civilaviation.gov.in/about-ministry/whos-who
Civil Aviation (MoCA),https://www.civilaviation.gov.in,Joint Secretaries and Equivalent,Shri Rajendra Kumar,PPS to DDG(PKT),,,rajender.k@nic.in,https://www.civilaviation.gov.in/about-ministry/whos-who
Civil Aviation (MoCA),https://www.civilaviation.gov.in,Joint Secretaries and Equivalent,Ms. Priyanka Das,JS (PD),,"24616303, Ext. - 2827",jsdg-moca@gov.in,https://www.civilaviation.gov.in/about-ministry/whos-who
Civil Aviation (MoCA),https://www.civilaviation.gov.in,Joint Secretaries and Equivalent,Shri. Gaurav Burman,PPS to JS (PD),,"24616303, Ext.- 2828",,https://www.civilaviation.gov.in/about-ministry/whos-who
Civil Aviation (MoCA),https://www.civilaviation.gov.in,Joint Secretaries and Equivalent,Shri. Madhu Sudana Sankar,JS (MSS),,"24610360, Ext. - 3729",madhu.sankar@gov.in,https://www.civilaviation.gov.in/about-ministry/whos-who
Civil Aviation (MoCA),https://www.civilaviation.gov.in,Joint Secretaries and Equivalent,Smt. Neelam Grover,PPS to JS (MSS),,"24610360, Ext. - 3730",neelu.grover@gov.in,https://www.civilaviation.gov.in/about-ministry/whos-who
Civil Aviation (MoCA),https://www.civilaviation.gov.in,Directors/Deputy Secretaries,Shri. Rohit Raj,Director,,,rohit.raj@gov.in,https://www.civilaviation.gov.in/about-ministry/whos-who
Civil Aviation (MoCA),https://www.civilaviation.gov.in,Directors/Deputy Secretaries,Ms. Shalini,PA to Director (RR),,,shalini.1993@nic.in,https://www.civilaviation.gov.in/about-ministry/whos-who
Civil Aviation (MoCA),https://www.civilaviation.gov.in,Directors/Deputy Secretaries,Ms. Tanvi Sundriyal Bahuguna,Director,,,tanvi.sundriyal@ias.nic.in,https://www.civilaviation.gov.in/about-ministry/whos-who
Civil Aviation (MoCA),https://www.civilaviation.gov.in,Directors/Deputy Secretaries,Ms. Chetna Choudhary,Steno to Dir (TS),,,,https://www.civilaviation.gov.in/about-ministry/whos-who
Civil Aviation (MoCA),https://www.civilaviation.gov.in,Directors/Deputy Secretaries,Shri. Shankhesh Mehta,Director,,,shankhesh.m@gov.in,https://www.civilaviation.gov.in/about-ministry/whos-who
Civil Aviation (MoCA),https://www.civilaviation.gov.in,Directors/Deputy Secretaries,Ms. B. Minakshi,PS to Dir (SM),,,shankhesh.m@gov.in,https://www.civilaviation.gov.in/about-ministry/whos-who
Civil Aviation (MoCA),https://www.civilaviation.gov.in,Directors/Deputy Secretaries,Shri Kumar Saurabh Raj,Director,,,saurabh.kumar11@ias.gov.in,https://www.civilaviation.gov.in/about-ministry/whos-who
Civil Aviation (MoCA),https://www.civilaviation.gov.in,Directors/Deputy Secretaries,Shri. U Murugan,PS to Dir (KSR),,,murugan.uday@gov.in,https://www.civilaviation.gov.in/about-ministry/whos-who
Civil Aviation (MoCA),https://www.civilaviation.gov.in,Directors/Deputy Secretaries,Shri Ambuj Sharma,Director,,,ambuj.sharma38@nic.in,https://www.civilaviation.gov.in/about-ministry/whos-who
Civil Aviation (MoCA),https://www.civilaviation.gov.in,Directors/Deputy Secretaries,Ms. Deepika Saini,PS to Dir (AS),,,kumar.manoj98@gov.in,https://www.civilaviation.gov.in/about-ministry/whos-who
Civil Aviation (MoCA),https://www.civilaviation.gov.in,Directors/Deputy Secretaries,Lt. Col. Manish Kumar Singh,Director(OL),,,manngh.043l@gov.in,https://www.civilaviation.gov.in/about-ministry/whos-who
Civil Aviation (MoCA),https://www.civilaviation.gov.in,Directors/Deputy Secretaries,Shri. Vinay Kumar,PS to Dir (OL),,,vinay.moca@nic.in,https://www.civilaviation.gov.in/about-ministry/whos-who
Civil Aviation (MoCA),https://www.civilaviation.gov.in,Directors/Deputy Secretaries,Ms. Nayonika Dutta,Joint Director,,,nayonika.dutta@gov.in,https://www.civilaviation.gov.in/about-ministry/whos-who
Civil Aviation (MoCA),https://www.civilaviation.gov.in,Directors/Deputy Secretaries,Shri Vijayant Kumar Arora,Deputy Secretary,,,vijayant_arora@nic.in,https://www.civilaviation.gov.in/about-ministry/whos-who
Civil Aviation (MoCA),https://www.civilaviation.gov.in,Directors/Deputy Secretaries,Ms. Kanupriya,Steno to DS (VKA),,,kanupriya.08@gov.in,https://www.civilaviation.gov.in/about-ministry/whos-who
Civil Aviation (MoCA),https://www.civilaviation.gov.in,Directors/Deputy Secretaries,Ms. Bindu,Steno to DS (SM),,,bindu.1993@gov.in,https://www.civilaviation.gov.in/about-ministry/whos-who
Civil Aviation (MoCA),https://www.civilaviation.gov.in,Directors/Deputy Secretaries,Shri. Sudhanshu Shekhar Mishra,Deputy Secretary,,,ss.mishra@nic.in,https://www.civilaviation.gov.in/about-ministry/whos-who
Civil Aviation (MoCA),https://www.civilaviation.gov.in,Directors/Deputy Secretaries,Ms. Rupali Kanwat,Stano to DS (SSM),,,ss.mishra@nic.in,https://www.civilaviation.gov.in/about-ministry/whos-who
Coal,https://coal.nic.in,Minister's Office,Shri G. Kishan Reddy,Hon'ble Minister of Coal & Mines,4101-ZONE-1,,,https://coal.nic.in/about-us/whos-who
Coal,https://coal.nic.in,Minister's Office,"Dr. Pankaj Jain, IAS",PS to Hon'ble Minister of Coal & Mines,4107/4108 ZONE-1,,dak.hmmoc@gov.in,https://coal.nic.in/about-us/whos-who
Coal,https://coal.nic.in,Minister's Office,"Shri A.Venkateshwar Reddy, IPoS",Addl. PS to Hon'ble Minister of Coal & Mines,4111-ZONE-1,,addlpsto.moc@gov.in,https://coal.nic.in/about-us/whos-who
Coal,https://coal.nic.in,Minister's Office,Shri Neelesh Kumar Joshi,Assistant Private Secretary to Hon'ble Minister of Coal & Mines,,,njoshi.aps@nic.in,https://coal.nic.in/about-us/whos-who
Coal,https://coal.nic.in,MoS's Office,Shri Satish Chandra Dubey,Hon'ble MoS for Coal & Mines,4201-ZONE-2,,,https://coal.nic.in/about-us/whos-who
Coal,https://coal.nic.in,MoS's Office,Shri Rituraj Misra,PS to Hon'ble MoS,4202-ZONE-2,,,https://coal.nic.in/about-us/whos-who
Coal,https://coal.nic.in,MoS's Office,Shri Mukul Kumar,Additional PS to Hon'ble MoS,4207-ZONE-2,,mos-coal@gov.in,https://coal.nic.in/about-us/whos-who
Coal,https://coal.nic.in,MoS's Office,Shri -----,Additional PS to Hon'ble MoS,4207-ZONE-2,,,https://coal.nic.in/about-us/whos-who
Coal,https://coal.nic.in,MoS's Office,Shri Sandeep Upadhyay,First PA,504-C,501/509,,https://coal.nic.in/about-us/whos-who
Coal,https://coal.nic.in,MoS's Office,Shri Ranjeet Kumar Choubey,Second PA,504-C,501/509,,https://coal.nic.in/about-us/whos-who
Coal,https://coal.nic.in,MoS's Office,Shri Hridyesh Dwiwedi,Second PA,504-C,501/509,,https://coal.nic.in/about-us/whos-who
Coal,https://coal.nic.in,MoS's Office,Shri Narayan Jee Ojha,LPA,504-C,501/509,,https://coal.nic.in/about-us/whos-who
Coal,https://coal.nic.in,Secretary's Office,Shri Vikram Dev Dutt,Secretary,3501-ZONE-5,,secy.moc@nic.in,https://coal.nic.in/about-us/whos-who
Coal,https://coal.nic.in,Secretary's Office,Shri Parveen Arora,PPS,3502-ZONE-5,,,https://coal.nic.in/about-us/whos-who
Coal,https://coal.nic.in,Secretary's Office,Shri Vijay Kumar Juneja,PPS,3502-ZONE-5,,,https://coal.nic.in/about-us/whos-who
Coal,https://coal.nic.in,Additional Secretary,Smt. Rupinder Brar,Add. Secretary,3506-ZONE-5,,rup.brar@nic.in,https://coal.nic.in/about-us/whos-who
Coal,https://coal.nic.in,Additional Secretary,Shri S.Sethuraman,PPS,4610-ZONE-6,228/139,,https://coal.nic.in/about-us/whos-who
Coal,https://coal.nic.in,Additional Secretary,Shri Sanoj Kumar Jha,Add. Secretary,4506-ZONE-5,,sanoj.jha@nic.in,https://coal.nic.in/about-us/whos-who
Coal,https://coal.nic.in,Additional Secretary,Shri Ravinder Kumar,PPS,4610-ZONE6,200/135,,https://coal.nic.in/about-us/whos-who
Coal,https://coal.nic.in,Joint Secretaries/Advisors/DDG,Shri Sanjeev Kumar Kassi,Joint Secretary,3503-ZONE-5,,sanjeev_kassi@nic.in,https://coal.nic.in/about-us/whos-who
Coal,https://coal.nic.in,Joint Secretaries/Advisors/DDG,Shri A.Srikanth,PPS,4610-ZONE-6,,,https://coal.nic.in/about-us/whos-who
Coal,https://coal.nic.in,Joint Secretaries/Advisors/DDG,Ms. Jyoti Sahi,PA,4610-ZONE-6,,,https://coal.nic.in/about-us/whos-who
Coal,https://coal.nic.in,Joint Secretaries/Advisors/DDG,Shri Manoj Kumar Gangeya,Joint Secretary,3505-ZONE-5,,,https://coal.nic.in/about-us/whos-who
Coal,https://coal.nic.in,Joint Secretaries/Advisors/DDG,Smt. Sarla Sharma,PPS,6322-ZONE-3,273/239,,https://coal.nic.in/about-us/whos-who
Coal,https://coal.nic.in,Joint Secretaries/Advisors/DDG,Shri Ashim Kumar Modi,Joint Secretary & F.A.,4505-ZONE-5,,jsfa.moc@nic.in,https://coal.nic.in/about-us/whos-who
Coal,https://coal.nic.in,Joint Secretaries/Advisors/DDG,Shri Rajesh Rawal,Sr. PPS,4511-ZONE-5,,,https://coal.nic.in/about-us/whos-who
Coal,https://coal.nic.in,Joint Secretaries/Advisors/DDG,Smt. Chetna Shukla,Deputy Director General,LNB 5th Floor,801/802,,https://coal.nic.in/about-us/whos-who
Coal,https://coal.nic.in,Joint Secretaries/Advisors/DDG,Ms. Aarti,PA,LNB 5th Floor,803/804,,https://coal.nic.in/about-us/whos-who
Coal,https://coal.nic.in,Joint Secretaries/Advisors/DDG,Shri Gopal Singh,Joint Secretary,3504-ZONE-5,,,https://coal.nic.in/about-us/whos-who
Coal,https://coal.nic.in,Joint Secretaries/Advisors/DDG,Shri Vivek,Sr. PPS,4619-Z0NE-6,,,https://coal.nic.in/about-us/whos-who
Coal,https://coal.nic.in,Joint Secretaries/Advisors/DDG,Shri Alok Kumar Singh,Advisor(P),4601-ZONE-6,,advp.moc@nic.in,https://coal.nic.in/about-us/whos-who
Coal,https://coal.nic.in,Joint Secretaries/Advisors/DDG,Shri Ajay Kumar Saroj,PS,4610-ZONE-6,,,https://coal.nic.in/about-us/whos-who
Coal,https://coal.nic.in,Joint Secretaries/Advisors/DDG,Shri Manik Chandra Pandit,Economic Advisor,LNB 9th Floor,,adviser.moc@nic.in,https://coal.nic.in/about-us/whos-who
Coal,https://coal.nic.in,Directors/Deputy Secretaries,Shir Birendra Kumar Thakur,Director Tech.,4609-ZONE-6,,dirtech.moc@nic.in,https://coal.nic.in/about-us/whos-who
Coal,https://coal.nic.in,Directors/Deputy Secretaries,Shri Marapally Venkateshwarlu,Director (T/NA),4602-ZONE-6,,marapally.venkat@gov.in,https://coal.nic.in/about-us/whos-who
Coal,https://coal.nic.in,Directors/Deputy Secretaries,Shri Deepak Goel,Director (CPIAM),4510-ZONE-5,,deepakgoel.ies@gov.in,https://coal.nic.in/about-us/whos-who
Coal,https://coal.nic.in,Directors/Deputy Secretaries,Shri Darshan Kumar Solanki,Director(SDC/JT/LA&IR),4508-ZONE-5,,dk.solanki@nic.in,https://coal.nic.in/about-us/whos-who
Coal,https://coal.nic.in,Directors/Deputy Secretaries,Smt. Meena Kumari Sharma,Director (Vigilance),4507-ZONE-5,,meena.sharma@nic.in,https://coal.nic.in/about-us/whos-who
Coal,https://coal.nic.in,Directors/Deputy Secretaries,Shri Arun Kumar,Director (Parl./Coord./Legel),4604-ZONE-6,,,https://coal.nic.in/about-us/whos-who
Coal,https://coal.nic.in,Directors/Deputy Secretaries,Shri Prashant Panwar,DS(CPD/CA/IT/Media),4512-ZONE-5,,,https://coal.nic.in/about-us/whos-who
Coal,https://coal.nic.in,Directors/Deputy Secretaries,Shri Robin Gangte,DS (Admin./Esst./R&I),6304-ZONE-3,,,https://coal.nic.in/about-us/whos-who
Coal,https://coal.nic.in,Directors/Deputy Secretaries,Shri Amit Ranjan,DS (IFD/CMPF/Cash),4611-ZONE-6,,amit.ranjan@nic.in,https://coal.nic.in/about-us/whos-who
Coal,https://coal.nic.in,Directors/Deputy Secretaries,Shri Satinder Kumar,Joint Director(CSR&W),LNB 5th Floor,,satinder.c@gov.in,https://coal.nic.in/about-us/whos-who
Coal,https://coal.nic.in,Directors/Deputy Secretaries,Mrs. S. Bhuvaneshwari,DS (NA),4603-ZONE-6,,,https://coal.nic.in/about-us/whos-who
Coal,https://coal.nic.in,Directors/Deputy Secretaries,Shri Sanjay Kumar Gaur,DS(IC/P&S-1/2),4611-ZONE-6,,,https://coal.nic.in/about-us/whos-who
Coal,https://coal.nic.in,Under Secretaries/Assistant Director,Shri Hitlar Singh,Under Secretary(LA&IR/SDC/JT),LNB 9th Floor,,,https://coal.nic.in/about-us/whos-who
Coal,https://coal.nic.in,Under Secretaries/Assistant Director,Shri Alok Verma,Under Secretary (CCT/MPS),4614-ZONE-5,,,https://coal.nic.in/about-us/whos-who
Coal,https://coal.nic.in,Under Secretaries/Assistant Director,Shri Shariq Saeed,Under Secretary (Vig/IC),4615-ZONE-5,,,https://coal.nic.in/about-us/whos-who
Coal,https://coal.nic.in,Under Secretaries/Assistant Director,Shri Pradeep Raj Nayan,Under Secretary(CA/IT/Media/CPD),6323-ZONE-3,,,https://coal.nic.in/about-us/whos-who
Coal,https://coal.nic.in,Under Secretaries/Assistant Director,Shri Vasant Burde,Under secretary (MoS),4209-ZONE-2,,,https://coal.nic.in/about-us/whos-who
Coal,https://coal.nic.in,Under Secretaries/Assistant Director,Shri L.Khamminthang,Under Secretary (P&S-I/P&S-II),4618-ZONE-6,,,https://coal.nic.in/about-us/whos-who
Coal,https://coal.nic.in,Under Secretaries/Assistant Director,Shri Kunal Prasad,Under Secretary (CSR&W/CMPFO),6323-ZONE-3,,,https://coal.nic.in/about-us/whos-who
Coal,https://coal.nic.in,Under Secretaries/Assistant Director,Smt. Seema Grover,Under Secretary(IFD/Cash/Coord.),4618-ZONE-6,,,https://coal.nic.in/about-us/whos-who
Coal,https://coal.nic.in,Under Secretaries/Assistant Director,Shri Sanjeev Ranjan,Under Secretary(Admin./Estt./Parl./Legal),6420-ZONE-4,,,https://coal.nic.in/about-us/whos-who
Coal,https://coal.nic.in,Under Secretaries/Assistant Director,Shri Arvind Kumar,Under Seceatary(NA),4617-ZONE-6,,,https://coal.nic.in/about-us/whos-who
Coal,https://coal.nic.in,Under Secretaries/Assistant Director,Shri Uttam Pal Negi,Under Secretary (CPIAM),4616-ZONE-6,,,https://coal.nic.in/about-us/whos-who
Coal,https://coal.nic.in,Under Secretaries/Assistant Director,Shri Vishal,Assistant Director (OL),,,,https://coal.nic.in/about-us/whos-who
Coal,https://coal.nic.in,Under Secretaries/Assistant Director,Md Aftab Alam,Deputy Director (CPD),6323-ZONE-3,,,https://coal.nic.in/about-us/whos-who
Coal,https://coal.nic.in,Under Secretaries/Assistant Director,Md. Amir Raza,Under Secretary(Welfare/EA),LNB 5th Floor,,,https://coal.nic.in/about-us/whos-who
Coal,https://coal.nic.in,Under Secretaries/Assistant Director,Shri Ankit Kumar Jain,Deputy. Director,LNB 5th Floor,,,https://coal.nic.in/about-us/whos-who
Coal,https://coal.nic.in,Under Secretaries/Assistant Director,Shri Arjun Lal Bairwa,Assistant Director,LNB 5th Floor,,,https://coal.nic.in/about-us/whos-who
Coal,https://coal.nic.in,Section Officers,Shri Aman Balyan,Section Officer (CPD),6323-ZONE-3,,,https://coal.nic.in/about-us/whos-who
Coal,https://coal.nic.in,Section Officers,Shri Anurag Verma,Section Officer(P&S-II),4605-ZONE-6,,,https://coal.nic.in/about-us/whos-who
Coal,https://coal.nic.in,Section Officers,Shri Vineet Kumar,Section Officer(CCT),4605-ZONE-6,,,https://coal.nic.in/about-us/whos-who
Coal,https://coal.nic.in,Section Officers,Shri Arik Basu Roy Chowdhury,Section Officer(BA/Admin/Estt),6421-ZONE-4,216/246,,https://coal.nic.in/about-us/whos-who
Coal,https://coal.nic.in,Section Officers,Shri Parmod Kumar,Section Officer(IFD),4605-ZONE-6,,,https://coal.nic.in/about-us/whos-who
Coal,https://coal.nic.in,Section Officers,Shri Shashi Bhushan,Section Officer(Parliament),4511-ZONE-5,,,https://coal.nic.in/about-us/whos-who
Defence (MoD),https://www.mod.gov.in,,Shri Rajnath Singh,Raksha Mantri (Defence Minister),,"24014501, 24014502 (Office) 23793881(R), 23014184(R)",rmo@mod.nic.in,https://mod.gov.in/dod/en/whos-who
Defence (MoD),https://www.mod.gov.in,,"Shri Amit Kishore, IAS (UP: 2011)",Private Secretary to RM,,"24014501, 24014502 (Office)",rmo@mod.nic.in,https://mod.gov.in/dod/en/whos-who
Defence (MoD),https://www.mod.gov.in,,Shri Krishnendra Pratap Singh,OSD to Raksha Mantri,,"24014501, 24014502 (Office)",NA,https://mod.gov.in/dod/en/whos-who
Defence (MoD),https://www.mod.gov.in,,Shri Prabhat Kumar Tripathi,OSD to Raksha Mantri,,"24014501, 24014502 (Office)",NA,https://mod.gov.in/dod/en/whos-who
Defence (MoD),https://www.mod.gov.in,,Shri Amarendra Tiwari,Additional Private Secretary to Raksha Mantri,,"24014501, 24014502 (Office)",NA,https://mod.gov.in/dod/en/whos-who
Defence (MoD),https://www.mod.gov.in,,Shri Sanjay Seth,Raksha Rajya Mantri (Minister of State for Defence),,24014508(Office) 23310353 (R),mos-defence@gov.in,https://mod.gov.in/dod/en/whos-who
Defence (MoD),https://www.mod.gov.in,,Shri Ujjwal Kumar,PS to Raksha Rajya Mantri,,24014510 (Office),mos-defence@gov.in,https://mod.gov.in/dod/en/whos-who
Defence (MoD),https://www.mod.gov.in,,Shri Jitendra Nath Mahato,Additional PS to Raksha Rajya Mantri,,"24014508, 24014509(Office)",mos-defence@gov.in,https://mod.gov.in/dod/en/whos-who
Defence (MoD),https://www.mod.gov.in,,Shri K.P. Balyan,APS to Raksha Rajya Mantri,,"24014508, 24014509(Office)",mos-defence@gov.in,https://mod.gov.in/dod/en/whos-who
Defence (MoD),https://www.mod.gov.in,,Shri Kumar Vivekanand,1st PA to Raksha Rajya Mantri,,"24014508, 24014509(Office)",mos-defence@gov.in,https://mod.gov.in/dod/en/whos-who
Defence (MoD),https://www.mod.gov.in,,"Shri Rajesh Kumar Singh, IAS (KL: 1989)","Defence Secretary, Secretary DDR&D and Chairman DRDO(additional Charge)",,"24014513, 24014515, 24014516",defsecy@nic.in,https://mod.gov.in/dod/en/whos-who
Defence (MoD),https://www.mod.gov.in,,Shri Amar Singh Chauhan,Sr. PPS to Defence Secretary,,"24014513 , 24014515 24014516",NA,https://mod.gov.in/dod/en/whos-who
Defence (MoD),https://www.mod.gov.in,,Shri Prem Singh Raghuvanshi,OSD to Defence Secretary,,"24014513 , 24014515 24014516",NA,https://mod.gov.in/dod/en/whos-who
Defence (MoD),https://www.mod.gov.in,,Shri Muthuthevar Kannan,PPS to Defence Secretary,,"24014513 , 24014515 24014516",NA,https://mod.gov.in/dod/en/whos-who
Defence (MoD),https://www.mod.gov.in,,"Smt. Dipti Mohil Chawla, (IDAS: 1995)",Additional Secretary,,,addlsecy-mod@gov.in,https://mod.gov.in/dod/en/whos-who
Defence (MoD),https://www.mod.gov.in,,"Shri Rakesh Mittal, (IDES: 1995)",Additional Secretary,,,addlsecy-r@gov.in,https://mod.gov.in/dod/en/whos-who
Defence (MoD),https://www.mod.gov.in,,"Shri A. Anbarasu, IAS (AGMUT:1996)",Additional Secretary & DG (Acquisition),,"24014456, 24014457 (Office of DG Acq)",dgacq-mod@nic.in,https://mod.gov.in/dod/en/whos-who
Defence (MoD),https://www.mod.gov.in,,"Shri Manish Tripathi, IDAS (1998)",Additional Secretary,,"24014521, 24014522",addlsecymt-mod@gov.in,https://mod.gov.in/dod/en/whos-who
Defence (MoD),https://www.mod.gov.in,,"Shri Rajneesh Kumar Tomar, (IRSME: 1998)",CVO (MES & BRO),,23010161 (Office),cvo-mod@gov.in,https://mod.gov.in/dod/en/whos-who
Defence (MoD),https://www.mod.gov.in,,"Shri Satyajit Mohanty, IRS (C & IT : 1999)",Joint Secretary (Armed Forces; Defence Policy & Planning; CISO),,"24014568, 24014569 (Office)",jsaf-mod@gov.in,https://mod.gov.in/dod/en/whos-who
Defence (MoD),https://www.mod.gov.in,,"Dr. Shailesh Kumar Chourasia, IAS (MN:2007)",Joint Secretary & AM (Air),,"24014458, 24014459 (Office)",ama@nic.in,https://mod.gov.in/dod/en/whos-who
Defence (MoD),https://www.mod.gov.in,,"Shri Amitabh Prasad, (IA&AS) : 2001","Joint Secretary (IC/AP), Ceremonial & CAO",,"24014491,24014492 (Office)",prasada@cag.gov.in ic-mod@gov.in,https://mod.gov.in/dod/en/whos-who
Defence (MoD),https://www.mod.gov.in,,Shri Amit Shivkumar Telang (IFS:2005),Joint Secretary (lnternational Cooperation),,"24014497,24014498 (Office)",jspic@nic.in,https://mod.gov.in/dod/en/whos-who
Defence (MoD),https://www.mod.gov.in,,"Shri Dinesh Kumar, IAS (NL 2004)",Joint Secretary & AM (MS),,"24014460,24014461(Office)",jsamms-mod@gov.in,https://mod.gov.in/dod/en/whos-who
Defence (MoD),https://www.mod.gov.in,,Shri Vinod Kumar (IRSME: 1998),Joint Secretary & AM (LS),,"24014462, 24014463 (Office)",amls@nic.in,https://mod.gov.in/dod/en/whos-who
Defence (MoD),https://www.mod.gov.in,,Shri S.G.P. Verghese,Joint Secretary (Coord/Trg/M&SS),,"24014559, 24014560 (Office)",jscoord-mod@nic.in,https://mod.gov.in/dod/en/whos-who
Defence (MoD),https://www.mod.gov.in,,"Ms. Preeti Meena, IAS (TG: 2010)","Joint Secretary (Land, Works & BR-II)",,"24014523, 24014524 (Office)",--,https://mod.gov.in/dod/en/whos-who
Defence (MoD),https://www.mod.gov.in,,Shri Jitendar Kumar Mehan,Joint Secretary (AF/Org)/MoD Fin,,,dirn2-mod@nic.in,https://mod.gov.in/dod/en/whos-who
Defence (MoD),https://www.mod.gov.in,,"Rear Admiral P.A.A.R. Sadiq, NM",Additional Director General Acquisition Technical (Maritime & Systems),,21411707 (Office),tmms-modacq@navy.gov.in,https://mod.gov.in/dod/en/whos-who
Defence (MoD),https://www.mod.gov.in,,AVM GK Mohan AVSM,Additional Director General Acquisition Technical (Air),,23012068(Office),awingair-mod@nic.in,https://mod.gov.in/dod/en/whos-who
Defence (MoD),https://www.mod.gov.in,,Maj Gen Tarun Agrawal AVSM,Additional Director General Acquisition Technical (Army),,21410320 (Office),tmls-mod@nic.in,https://mod.gov.in/dod/en/whos-who
Defence (MoD),https://www.mod.gov.in,,Shri Apurva Chandra (Retd. IAS),Principal Advisor,,23011068/69,NA,https://mod.gov.in/dod/en/whos-who
Defence (MoD),https://www.mod.gov.in,,"Shri Vishvajit Sahay, IDAS(1990)",Secretary (Defence Finance),,"24014402, 24014403 (Office)",fads1-mod@gov.in,https://mod.gov.in/dod/en/whos-who
Defence (MoD),https://www.mod.gov.in,,"Shri Ghanashyam Sahu, ICoAS (1998)",Principal Adviser (Cost),,"24014406, 24014407 (Office)",g.sahu@nic.in,https://mod.gov.in/dod/en/whos-who
Defence (MoD),https://www.mod.gov.in,,"Dr. Ishita Ganguli Tripathy, IES (1999)",Additional Financial Advisor (IGT) & JS,,"24014414, 24014415 (Office)",addl.fa1-dod@gov.in,https://mod.gov.in/dod/en/whos-who
Defence (MoD),https://www.mod.gov.in,,"Shri Eddie Lalrinliana Khawlhring, (ICAS: 1995)",Additional Financial Advisor (EL) & JS,,"24014412, 24014413 (Office)",el.khawlhring@gov.in,https://mod.gov.in/dod/en/whos-who
Defence (MoD),https://www.mod.gov.in,,"Shri Sanjay Kumar, IA&AS (1995)",Additional Financial Advisor (SK) & JS,,"24014410,24014411 (Office)",sanjaykumar.67@gov.in,https://mod.gov.in/dod/en/whos-who
Defence (MoD),https://www.mod.gov.in,,"Shri Ajeet Kumar Srivastava, IRAS (1999)",Additional Financial Advisor (AKS) & JS,,"23013557, 23010159 (Office)",--,https://mod.gov.in/dod/en/whos-who
Defence (MoD),https://www.mod.gov.in,,"Shri Amitabh Ranjan Sinha, IP&TA&FS (1998)",Additional Financial Advisor (AR) & JS,,"24014408,24014409(Office)",addlfa-dod@gov.in,https://mod.gov.in/dod/en/whos-who
Defence (MoD),https://www.mod.gov.in,,"Shri AVRA Ghosh, (IDAS: 2001)",Finance Manager (Land System),,"24014418, 24014419 (Office)",,https://mod.gov.in/dod/en/whos-who
Defence (MoD),https://www.mod.gov.in,,"Shri Krishna Kant Singh, (IDAS: 2000)",Finance Manager (MS),,"24014416, 24014417 (Office)",NA,https://mod.gov.in/dod/en/whos-who
Defence (MoD),https://www.mod.gov.in,,"Shri Brajesh Kumar Pandey, (IDAS: 2006)",Finance Manager (Air),,"24014420,24014421 (Office)",NA,https://mod.gov.in/dod/en/whos-who
Defence (MoD),https://www.mod.gov.in,,"Shri Rajesh Yadav, ICoAS (1998)",Advisor (Cost/LS),,21411541(Office),rajeshyadav.icoas@nic.in,https://mod.gov.in/dod/en/whos-who
Defence (MoD),https://www.mod.gov.in,,"Shri Manish Goswami, ICoAS (2002)",Adviser( Cost/Air),,21411504 (Office),manishgoswami.icoas@nic.in,https://mod.gov.in/dod/en/whos-who
Defence (MoD),https://www.mod.gov.in,,"Shri Rajesh K. Agrawal, ICoAS (2008)",Advisor (Cost/MS),,21411637 (Office),rajeshkagrawal.icoas@nic.in,https://mod.gov.in/dod/en/whos-who
Defence (MoD),https://www.mod.gov.in,,Shri Rajnath Singh,Raksha Mantri (Defence Minister),,"24014501,24014502 (Office)",rmo@mod.nic.in,https://mod.gov.in/dod/en/whos-who
Defence (MoD),https://www.mod.gov.in,,Shri Sanjay Seth,Raksha Rajya Mantri (Minister of State for Defence),,24014508 (Office),mos-defence@gov.in,https://mod.gov.in/dod/en/whos-who
Defence (MoD),https://www.mod.gov.in,,"Shri Rajesh Kumar Singh, IAS (KL: 1989)","Defence Secretary, Secretary DDR&D and Chairman DRDO(additional Charge)",,"24014513, 24014515, 24014516",defsecy@nic.in,https://mod.gov.in/dod/en/whos-who
Defence (MoD),https://www.mod.gov.in,,"Smt. Dipti Mohil Chawla, (IDAS: 1995)",Additional Secretary,,"24014517, 24014518",addlsecy-mod@gov.in,https://mod.gov.in/dod/en/whos-who
Defence (MoD),https://www.mod.gov.in,,"Shri Manish Tripathi, IDAS (1998)",Additional Secretary (Medical/Parliament/Establishment),,"24014521, 24014522",addlsecymt-mod@gov.in,https://mod.gov.in/dod/en/whos-who
Defence (MoD),https://www.mod.gov.in,,Shri Sanjai Bajpai,Advisor (Parl),,,usparl_def@nic.in,https://mod.gov.in/dod/en/whos-who
Defence (MoD),https://www.mod.gov.in,,Shri Sandeep Kumar,US (Parl),,,usparl_def@nic.in,https://mod.gov.in/dod/en/whos-who
Defence (MoD),https://www.mod.gov.in,,Shri Lalit Kumar Yadav,Section Officer(Parl),,,usparl_def@nic.in,https://mod.gov.in/dod/en/whos-who
Defence (MoD),https://www.mod.gov.in,,Shri Sunil Kumar Adlakha,Deputy Secretary (Estt.),,23014369 (Office),--,https://mod.gov.in/dod/en/whos-who
Defence (MoD),https://www.mod.gov.in,,"Shri Vijay Kumar, IIS (1998)",ADG (M&C) & Spokesperson MoD,,24015555 (Office),adgmnc.dprmod@nic.in,https://mod.gov.in/dod/en/whos-who
Defence (MoD),https://www.mod.gov.in,,Shri D Salai Maran,Director,,24015557 (Office),Diradm.dpr-mod@gov.in,https://mod.gov.in/dod/en/whos-who
Defence (MoD),https://www.mod.gov.in,,Shri Sooraj R,Director (PR),,24015558 (Office),dpr-mod@gov.in,https://mod.gov.in/dod/en/whos-who
Defence (MoD),https://www.mod.gov.in,,Shri Neeraj Dabas,Joint Director,,24015559 (Office),jdadm.dpr-mod@gov.in,https://mod.gov.in/dod/en/whos-who
Defence (MoD),https://www.mod.gov.in,,Shri Capt Vivek Mandhwal,PRO Navy,,,pronavy.dprmod@nic.in,https://mod.gov.in/dod/en/whos-who
Defence (MoD),https://www.mod.gov.in,,Shri Col Nishant Arvind,PRO Army,,,armypro@gmail.com,https://mod.gov.in/dod/en/whos-who
Defence (MoD),https://www.mod.gov.in,,Shri Wg Cdr Jaideep Singh,PRO Air Force,,,proiaf.dprmod@nic.in,https://mod.gov.in/dod/en/whos-who
Food Processing Industries (MoFPI),https://mofpi.gov.in,Hon’ble Minister,Shri Chirag Paswan,Hon'ble Minister,Minister Chamber in Panchsheel Bhawan,,minister.fpi@nic.in,https://mofpi.gov.in/about-us/whos-who
Food Processing Industries (MoFPI),https://mofpi.gov.in,Hon’ble Minister,Shri Chandan Bugalia,Addl. PS to Hon'ble Minister,Minister Chamber in Panchsheel Bhawan,,chandan.bugalia@nic.in,https://mofpi.gov.in/about-us/whos-who
Food Processing Industries (MoFPI),https://mofpi.gov.in,Hon’ble Minister,Shri Alok Kumar Singh,Addl. PS to Hon'ble Minister,Minister Chamber in Panchsheel Bhawan,,alok.ksingh@gov.in,https://mofpi.gov.in/about-us/whos-who
Food Processing Industries (MoFPI),https://mofpi.gov.in,Hon’ble Minister,Shri Rakesh Mohan,PPS in Office of Hon'ble Minister,Minister Chamber in Panchsheel Bhawan,,,https://mofpi.gov.in/about-us/whos-who
Food Processing Industries (MoFPI),https://mofpi.gov.in,Hon’ble Minister,Shri Rahul Sharma,1st PA in Office of Hon'ble Minister,Minister Chamber in Panchsheel Bhawan,,,https://mofpi.gov.in/about-us/whos-who
Food Processing Industries (MoFPI),https://mofpi.gov.in,Hon’ble Minister,Shri Dharmander Kumar,2nd PA in Office of Hon'ble Minister,Minister Chamber in Panchsheel Bhawan,,,https://mofpi.gov.in/about-us/whos-who
Food Processing Industries (MoFPI),https://mofpi.gov.in,Hon’ble Minister,Shri Raj Kumar,Manager (General Admin.),001,,,https://mofpi.gov.in/about-us/whos-who
Food Processing Industries (MoFPI),https://mofpi.gov.in,Hon’ble Minister,Shri Surendra Kumar Bairwa,Section Officer,Minister Chamber in Panchsheel Bhawan,,,https://mofpi.gov.in/about-us/whos-who
Food Processing Industries (MoFPI),https://mofpi.gov.in,Hon’ble Minister,Shri Shubham Tayal,Section Officer,Minister Chamber in Panchsheel Bhawan,,shubham.tayal@nic.in,https://mofpi.gov.in/about-us/whos-who
Food Processing Industries (MoFPI),https://mofpi.gov.in,Hon’ble Minister,Shri Arshad Ali,Steno D to O/o Hon'ble Minister (FPI),Minister Chamber in Panchsheel Bhawan,,,https://mofpi.gov.in/about-us/whos-who
Food Processing Industries (MoFPI),https://mofpi.gov.in,Hon’ble Minister of State,Shri Ravneet Singh Bittu,Hon’ble MOS(FPI),MOS Chamber Panchsheel Bhawan,,"ravneet.bittu@sansad.nic.in, mos-fpi@nic.in",https://mofpi.gov.in/about-us/whos-who
Food Processing Industries (MoFPI),https://mofpi.gov.in,Hon’ble Minister of State,Shri Harjinder Singh Dhindsa,2nd PA in Office of Hon'ble MOS,203,,,https://mofpi.gov.in/about-us/whos-who
Food Processing Industries (MoFPI),https://mofpi.gov.in,Hon’ble Minister of State,Shri Kundan Singh,PPS in Office of Hon'ble MOS,215,,,https://mofpi.gov.in/about-us/whos-who
Food Processing Industries (MoFPI),https://mofpi.gov.in,Secretary,Shri Avinash Joshi,Secretary,201,,secy.mofpi@nic.in,https://mofpi.gov.in/about-us/whos-who
Food Processing Industries (MoFPI),https://mofpi.gov.in,Secretary,Shri Gajender Singh Bisht,PPS,206,,gs.bisht@nic.in,https://mofpi.gov.in/about-us/whos-who
Food Processing Industries (MoFPI),https://mofpi.gov.in,Secretary,Shri Abhishek Kumar,Steno to Secretary,206,,abhishek.kumar.98@mofpi.gov.in,https://mofpi.gov.in/about-us/whos-who
Food Processing Industries (MoFPI),https://mofpi.gov.in,SS & FA,Shri Ashish Chatterjee,Add. Secretary and Financial Adviser,"3204, GPOA-3, Netaji Nagar",,asfasteel@nic.in,https://mofpi.gov.in/about-us/whos-who
Food Processing Industries (MoFPI),https://mofpi.gov.in,Joint Secretary,Shri Preet Pal Singh,Joint Secretary,213,,preetpal.singh@nic.in,https://mofpi.gov.in/about-us/whos-who
Food Processing Industries (MoFPI),https://mofpi.gov.in,Joint Secretary,Shri Rajiv Anand,Sr. PPS to JS (PPS),214,,rajiv.dom@nic.in,https://mofpi.gov.in/about-us/whos-who
Food Processing Industries (MoFPI),https://mofpi.gov.in,Joint Secretary,Shri Devesh Deval,Joint Secretary,208,,mofpi-js@gov.in,https://mofpi.gov.in/about-us/whos-who
Food Processing Industries (MoFPI),https://mofpi.gov.in,Joint Secretary,Shri Ashish Ranjan,Steno to JS(DD),219,,ashish.ranjan1808@mofpi.gov.in,https://mofpi.gov.in/about-us/whos-who
Food Processing Industries (MoFPI),https://mofpi.gov.in,Joint Secretary,Shri D. Praveen,Joint Secretary,211,,d.praveen@nic.in,https://mofpi.gov.in/about-us/whos-who
Food Processing Industries (MoFPI),https://mofpi.gov.in,Joint Secretary,Smt. Prerna Singh,PPS to JS(DP),212,,prerna.singh@nic.in,https://mofpi.gov.in/about-us/whos-who
Food Processing Industries (MoFPI),https://mofpi.gov.in,Joint Secretary,Shri Ranjit Singh,Joint Secretary,207,,singhranjit@cag.gov.in,https://mofpi.gov.in/about-us/whos-who
Food Processing Industries (MoFPI),https://mofpi.gov.in,Joint Secretary,Shri Arvind Kumar Gupta,PS to JS(RS),,,arvind.gupta51@nic.in,https://mofpi.gov.in/about-us/whos-who
Food Processing Industries (MoFPI),https://mofpi.gov.in,Economic Advisor & DDG(ISS),Ms. Chandrani Gupta,Economic Advisor,209,,c.gupta23@gov.in,https://mofpi.gov.in/about-us/whos-who
Food Processing Industries (MoFPI),https://mofpi.gov.in,Economic Advisor & DDG(ISS),Shri Harikesh Kumar,PPS to EA (CG),219,,harikesh.kumar75@nic.in,https://mofpi.gov.in/about-us/whos-who
Food Processing Industries (MoFPI),https://mofpi.gov.in,Economic Advisor & DDG(ISS),Shri Vinit Kumar,DDG(ISS),AMDA Building Wing A,,vinit.jindal67@gov.in,https://mofpi.gov.in/about-us/whos-who
Food Processing Industries (MoFPI),https://mofpi.gov.in,Economic Advisor & DDG(ISS),Shri Hasnain Haider,"Steno 'D"" to DDG(VK)",AMDA Building Wing A,,,https://mofpi.gov.in/about-us/whos-who
Food Processing Industries (MoFPI),https://mofpi.gov.in,Chief Controller of Accounts,Smt. Chandan Mishra Dwivedi,Chief Controller of Accounts,"Room No. 241, C-Wing , Krishi Bhawan , New Delhi -110001",,cca-agri@gov.in,https://mofpi.gov.in/about-us/whos-who
Food Processing Industries (MoFPI),https://mofpi.gov.in,Chief Controller of Accounts,Shri Navneet Kumar,Controller of Accounts,"Room No. 287, Krishi Bhawan , New Delhi -110011",,ca-agri@gov.in,https://mofpi.gov.in/about-us/whos-who
Food Processing Industries (MoFPI),https://mofpi.gov.in,Chief Controller of Accounts,Shri Nitender Yadav,Sr. Accounts Officer,"Room No. G-59, August Kranti Bhawan , Bhikaji Cama Place , New Delhi-110066",,nit.ya@gov.in,https://mofpi.gov.in/about-us/whos-who
Food Processing Industries (MoFPI),https://mofpi.gov.in,Chief Controller of Accounts,Smt. Ram Dulari,Sr. Accounts Officer,"Room No. F-239, August Kranti Bhawan , Bhikaji Cama Place , New Delhi-110066",,ramdulari.17@gov.in,https://mofpi.gov.in/about-us/whos-who
Food Processing Industries (MoFPI),https://mofpi.gov.in,Director,Shri Ramandeep Chowdhary,Director,216,,raman-deep@gov.in,https://mofpi.gov.in/about-us/whos-who
Food Processing Industries (MoFPI),https://mofpi.gov.in,Director,Mr. Raj Kishor Singh,PA to Dir (RC),110,,raj.kishor@gov.in,https://mofpi.gov.in/about-us/whos-who
Food Processing Industries (MoFPI),https://mofpi.gov.in,Director,Shri Pankaj Kumar,Director,105,,pankaj.kumar1975@gov.in,https://mofpi.gov.in/about-us/whos-who
Food Processing Industries (MoFPI),https://mofpi.gov.in,Director,Ms. Anjali Agrawal,Steno D to Dir (PK),,,,https://mofpi.gov.in/about-us/whos-who
Food Processing Industries (MoFPI),https://mofpi.gov.in,Director,Shri Kote Sandip Ravindra,Director,102,,sandip.kote@nic.in,https://mofpi.gov.in/about-us/whos-who
Food Processing Industries (MoFPI),https://mofpi.gov.in,Director,Shri Sushil Kumar Tripathi,Director,101,,sushil.tripathi@nic.in,https://mofpi.gov.in/about-us/whos-who
Food Processing Industries (MoFPI),https://mofpi.gov.in,Director,Ms. Vaishnavi Rajak,Steno D to Dir(SKT),101-D,,vaishnavi-rajak@gov.in,https://mofpi.gov.in/about-us/whos-who
Food Processing Industries (MoFPI),https://mofpi.gov.in,Deputy Secretary,Shri D.S.S Srinivasa Rao,Deputy Secretary,101A,,dsss.rao67@gov.in,https://mofpi.gov.in/about-us/whos-who
Food Processing Industries (MoFPI),https://mofpi.gov.in,Deputy Secretary,Ms Riya Tanwar,Steno to DS(DSSSR),,,riya-tanwar@gov.in,https://mofpi.gov.in/about-us/whos-who
Food Processing Industries (MoFPI),https://mofpi.gov.in,Deputy Secretary,Shri Banshi Dhar Panwar,Deputy Secretary,117,,bd.panwar@nic.in,https://mofpi.gov.in/about-us/whos-who
Food Processing Industries (MoFPI),https://mofpi.gov.in,Deputy Secretary,Shri Iqbal Mohd. Khan,Deputy Secretary,106,,im.khan@nic.in,https://mofpi.gov.in/about-us/whos-who
Food Processing Industries (MoFPI),https://mofpi.gov.in,Deputy Secretary,Ms. Deeksha Chauhan,Steno 'D' to DS(IMK),101-D,,deeksha.26@mofpi.gov.in,https://mofpi.gov.in/about-us/whos-who
Food Processing Industries (MoFPI),https://mofpi.gov.in,Deputy Secretary,Shri Akhilesh Yadav,,107A,,akhliesh.yadav@mofpi.gov.in,https://mofpi.gov.in/about-us/whos-who
Food Processing Industries (MoFPI),https://mofpi.gov.in,Deputy Secretary,Shri Vivek Kumar Singh,Deputy Secretary,101B,,vksingh-cwc@nic.in,https://mofpi.gov.in/about-us/whos-who
Food Processing Industries (MoFPI),https://mofpi.gov.in,Deputy Secretary,Ms. Priyanka Rohilla,PA to DS(VKS),101D,,priyanka.rohilla@gov.in,https://mofpi.gov.in/about-us/whos-who
Food Processing Industries (MoFPI),https://mofpi.gov.in,Deputy Secretary,Shri Arvind Kumar,Deputy Secretary,113,,arvind.kr67@gov.in,https://mofpi.gov.in/about-us/whos-who
Food Processing Industries (MoFPI),https://mofpi.gov.in,Deputy Secretary,Shri Arunava Sengupta,Deputy Secretary,"AMDA Building, Room No. 2, Wing-A",,a.sengupta@nic.in,https://mofpi.gov.in/about-us/whos-who
Food Processing Industries (MoFPI),https://mofpi.gov.in,Deputy Secretary,Ms. Angel Gautam,Steno to DS (AS),101D,,angel.gautam@mofpi.gov.in,https://mofpi.gov.in/about-us/whos-who
Food Processing Industries (MoFPI),https://mofpi.gov.in,Under Secretary/ DD,Dr. G. Srinivasan,Deputy Agricultural Marketing Advisor,"AMDA Building, Room No. 4, Wing-A",,srinivasan.ganesan@nic.in,https://mofpi.gov.in/about-us/whos-who
Food Processing Industries (MoFPI),https://mofpi.gov.in,Under Secretary/ DD,Shri Sanjay Gupta,Deputy Director,109,,sanjay.gupta69@gov.in,https://mofpi.gov.in/about-us/whos-who
Food Processing Industries (MoFPI),https://mofpi.gov.in,Under Secretary/ DD,Dr. J. P. Dongare,Deputy Agricultural Marketing Advisor,8,,jp.dongre@nic.in,https://mofpi.gov.in/about-us/whos-who
Food Processing Industries (MoFPI),https://mofpi.gov.in,Under Secretary/ DD,Shri Ramkesh Meena,Deputy Director,Porta Cabin No. 4,,ramkesh.meena30@gov.in,https://mofpi.gov.in/about-us/whos-who
Food Processing Industries (MoFPI),https://mofpi.gov.in,Under Secretary/ DD,Shri Adesh Mohan,Deputy Director,8,,adesh.mohan@nic.in,https://mofpi.gov.in/about-us/whos-who
Food Processing Industries (MoFPI),https://mofpi.gov.in,Under Secretary/ DD,Dr. Shaikh Nadeem Ahmed,Deputy Director- Livestock Products,"AMDA Building, Room No. 1, Wing-A",,s.nadeem@nic.in,https://mofpi.gov.in/about-us/whos-who
Food Processing Industries (MoFPI),https://mofpi.gov.in,Under Secretary/ DD,Ms. Anu Verma,Deputy Director,105-A,,anu.verma@nic.in,https://mofpi.gov.in/about-us/whos-who
Food Processing Industries (MoFPI),https://mofpi.gov.in,Under Secretary/ DD,Shri Shahid T Komath,Chief of Media and Communication,AMDA Building Wing B,,mofpi-cmc@gov.in,https://mofpi.gov.in/about-us/whos-who
Food Processing Industries (MoFPI),https://mofpi.gov.in,Under Secretary/ DD,Shri Vijay Prakash Bhatt,Under Secretary,Porta Cabin No.2,,vp.bhatt@gov.in,https://mofpi.gov.in/about-us/whos-who
Food Processing Industries (MoFPI),https://mofpi.gov.in,Under Secretary/ DD,Shri Mateen Ahmad,Under Secretary,108,,mateen.ahmad@gov.in,https://mofpi.gov.in/about-us/whos-who
Food Processing Industries (MoFPI),https://mofpi.gov.in,Under Secretary/ DD,Ms. Deepti Singh Laka,Under Secretary,,,deepti.slaka@nic.in,https://mofpi.gov.in/about-us/whos-who
Food Processing Industries (MoFPI),https://mofpi.gov.in,Under Secretary/ DD,Shri Ajay Raj Singh Chauhan,Under Secretary,AMDA Building B Wing,,paic-division-mofpi@gov.in,https://mofpi.gov.in/about-us/whos-who
Food Processing Industries (MoFPI),https://mofpi.gov.in,Under Secretary/ DD,Mrs Karabi Shyam,Under Secretary,104,,karabi.shyam@nic.in,https://mofpi.gov.in/about-us/whos-who
Food Processing Industries (MoFPI),https://mofpi.gov.in,Under Secretary/ DD,Ms. Suman Sharma,Under Secretary,108,,suman.shaurya@nic.in,https://mofpi.gov.in/about-us/whos-who
Food Processing Industries (MoFPI),https://mofpi.gov.in,Under Secretary/ DD,Shri Amit Kumar Jha,Under Secretary,02,,amit.jha85@nic.in,https://mofpi.gov.in/about-us/whos-who
Food Processing Industries (MoFPI),https://mofpi.gov.in,Under Secretary/ DD,Manish Thakur,steno to US(AKJ),"Amda building, Wing- B",,manish-3@gov.in,https://mofpi.gov.in/about-us/whos-who
Food Processing Industries (MoFPI),https://mofpi.gov.in,Under Secretary/ DD,Shri Subhash Chandra Kumar,Under Secretary,"Porta Cabin, No. 2",,sc.kumar83@nic.in,https://mofpi.gov.in/about-us/whos-who
Food Processing Industries (MoFPI),https://mofpi.gov.in,Under Secretary/ DD,Shri Manish Guruwal,Under Secretary,AMDA Building Wing A,,manish.guruwal13@nic.in,https://mofpi.gov.in/about-us/whos-who
Food Processing Industries (MoFPI),https://mofpi.gov.in,Under Secretary/ DD,Shri Rajender Parkash,Under Secretary,"Porta Cabin, Room No. 5",,rajenderparkash.edu@nic.in,https://mofpi.gov.in/about-us/whos-who
Food Processing Industries (MoFPI),https://mofpi.gov.in,Under Secretary/ DD,Shri Shashank Tiwari,Steno to US (RP),,,shashank-tiwari426@gov.in,https://mofpi.gov.in/about-us/whos-who
Food Processing Industries (MoFPI),https://mofpi.gov.in,Under Secretary/ DD,Shri Sachin Kumar Pareek,Under Secretary,"Porta Cabin, No. 1",,sachin.prk@mofpi.gov.in,https://mofpi.gov.in/about-us/whos-who
Food Processing Industries (MoFPI),https://mofpi.gov.in,Under Secretary/ DD,Ms. Bhumika Sallan,Under Secretary,,,bhumika.sallan@nic.in,https://mofpi.gov.in/about-us/whos-who
Food Processing Industries (MoFPI),https://mofpi.gov.in,Under Secretary/ DD,Shri Mahipal,Under Secretary,,,mahipal.27@gov.in,https://mofpi.gov.in/about-us/whos-who
Food Processing Industries (MoFPI),https://mofpi.gov.in,Under Secretary/ DD,Shri Rajender Singh Toor,Deputy Director,Porta Cabin No. 3,,rajender.toor@gov.in,https://mofpi.gov.in/about-us/whos-who
Food Processing Industries (MoFPI),https://mofpi.gov.in,Asst. Director/ AIA/ SIO/ SO,Shri Yashovardhan Arya,Assistant Director,2,,yasho.vardhan@nic.in,https://mofpi.gov.in/about-us/whos-who
Food Processing Industries (MoFPI),https://mofpi.gov.in,Asst. Director/ AIA/ SIO/ SO,Ms. Annu Kumari,Assistant Director,8,,annu.kumari09@mofpi.gov.in,https://mofpi.gov.in/about-us/whos-who
Food Processing Industries (MoFPI),https://mofpi.gov.in,Asst. Director/ AIA/ SIO/ SO,Shri V. Thirukumaran,Technical Officer (IA Cadre),3,,v.thiru@nic.in,https://mofpi.gov.in/about-us/whos-who
Food Processing Industries (MoFPI),https://mofpi.gov.in,Asst. Director/ AIA/ SIO/ SO,Ms. Deboshri Das,Assistant Director,Porta Cabin,,deboshrim@cbi.gov.in,https://mofpi.gov.in/about-us/whos-who
Food Processing Industries (MoFPI),https://mofpi.gov.in,Asst. Director/ AIA/ SIO/ SO,Shri Sanat Kumar Verma,Section Officer,112,,sanat.verma@gov.in,https://mofpi.gov.in/about-us/whos-who
Food Processing Industries (MoFPI),https://mofpi.gov.in,Asst. Director/ AIA/ SIO/ SO,Shri Surendra Arun Abhyankar,JTS,,,,https://mofpi.gov.in/about-us/whos-who
Food Processing Industries (MoFPI),https://mofpi.gov.in,Asst. Director/ AIA/ SIO/ SO,Dr. Venkateswaran V,Senior Inspecting Officer (F & VP),119,,venkat.v@nic.in,https://mofpi.gov.in/about-us/whos-who
Food Processing Industries (MoFPI),https://mofpi.gov.in,Asst. Director/ AIA/ SIO/ SO,Shri Ajit Kumar,Section Officer,107 A,,ajit.chahar@nic.in,https://mofpi.gov.in/about-us/whos-who
Food Processing Industries (MoFPI),https://mofpi.gov.in,Asst. Director/ AIA/ SIO/ SO,Shri Sonu Kumar,Section Officer,109,,sonu.prakash@gov.in,https://mofpi.gov.in/about-us/whos-who
Food Processing Industries (MoFPI),https://mofpi.gov.in,Asst. Director/ AIA/ SIO/ SO,Shri Shaleen Kumar,Section Officer,AMDA Building A Wing,,shaleenkumar-upsc@gov.in,https://mofpi.gov.in/about-us/whos-who
Food Processing Industries (MoFPI),https://mofpi.gov.in,Asst. Director/ AIA/ SIO/ SO,Shri Pankaj Kumar,Section Officer,119,,pankajkumar.19@gov.in,https://mofpi.gov.in/about-us/whos-who
Food Processing Industries (MoFPI),https://mofpi.gov.in,Asst. Director/ AIA/ SIO/ SO,Shri Rakesh Kumar Gupta,Section Officer,AMDA Building B Wing,,r.kumargupta67@nic.in,https://mofpi.gov.in/about-us/whos-who
Food Processing Industries (MoFPI),https://mofpi.gov.in,Asst. Director/ AIA/ SIO/ SO,Shri Ajay Kumar Hooda,Section Officer,118 A,,ajay.hooda88@gov.in,https://mofpi.gov.in/about-us/whos-who
Food Processing Industries (MoFPI),https://mofpi.gov.in,Asst. Director/ AIA/ SIO/ SO,Shri Rahul,Section Officer,4 A,,rahul.94@gov.in,https://mofpi.gov.in/about-us/whos-who
Food Processing Industries (MoFPI),https://mofpi.gov.in,Asst. Director/ AIA/ SIO/ SO,Shri Shahnawaz Ahmed Ansari,Section Officer,AMDA Building A Wing,,shahnawaz3003@nic.in,https://mofpi.gov.in/about-us/whos-who
Food Processing Industries (MoFPI),https://mofpi.gov.in,Asst. Director/ AIA/ SIO/ SO,Ms. Meenu,Section Officer,107-B,,bhadana.meenu92@nic.in,https://mofpi.gov.in/about-us/whos-who
Food Processing Industries (MoFPI),https://mofpi.gov.in,Asst. Director/ AIA/ SIO/ SO,Shri Lalit Kumar,Section Officer,R K Puram,,lalit.kr75@nic.in,https://mofpi.gov.in/about-us/whos-who
Food Processing Industries (MoFPI),https://mofpi.gov.in,Asst. Director/ AIA/ SIO/ SO,Shri S. K. Tiwari,Technical Officer,119,,shyamk.tiwari@nic.in,https://mofpi.gov.in/about-us/whos-who
Food Processing Industries (MoFPI),https://mofpi.gov.in,Asst. Director/ AIA/ SIO/ SO,Ms. Harpreet Kaur,Section Officer,8,,harpreet.k49@gov.in,https://mofpi.gov.in/about-us/whos-who
Food Processing Industries (MoFPI),https://mofpi.gov.in,Asst. Director/ AIA/ SIO/ SO,Shri Akshya Kumar,Section Officer,107-B,,akshya.kumar@gov.in,https://mofpi.gov.in/about-us/whos-who
Food Processing Industries (MoFPI),https://mofpi.gov.in,Asst. Director/ AIA/ SIO/ SO,Shri Dalveer Singh,Section Officer,118 A,,dalveer.maan@gov.in,https://mofpi.gov.in/about-us/whos-who
Food Processing Industries (MoFPI),https://mofpi.gov.in,Asst. Director/ AIA/ SIO/ SO,Ms. Namrata Goel,Section Officer,109,,namrata.goel07@gov.in,https://mofpi.gov.in/about-us/whos-who
Food Processing Industries (MoFPI),https://mofpi.gov.in,Asst. Director/ AIA/ SIO/ SO,Shri Ankit Kumar,Section Officer,,,,https://mofpi.gov.in/about-us/whos-who
Food Processing Industries (MoFPI),https://mofpi.gov.in,Asst. Director/ AIA/ SIO/ SO,Shri Kanhaiya Ram,Section Officer,5,,kanhaiya.r@nic.in,https://mofpi.gov.in/about-us/whos-who
Food Processing Industries (MoFPI),https://mofpi.gov.in,Asst. Director/ AIA/ SIO/ SO,Ms. Monica Lamba,Section Officer,,,monica.lamba@mofpi.gov.in,https://mofpi.gov.in/about-us/whos-who
Food Processing Industries (MoFPI),https://mofpi.gov.in,Asst. Director/ AIA/ SIO/ SO,Shri Bhoopender Kumar,Section Officer,,,kumar.B8@gov.in,https://mofpi.gov.in/about-us/whos-who
Food Processing Industries (MoFPI),https://mofpi.gov.in,Asst. Director/ AIA/ SIO/ SO,Shri Satish Gupta,Parliament Assistant,4-B,,gupta.satish67@gov.in,https://mofpi.gov.in/about-us/whos-who
Food Processing Industries (MoFPI),https://mofpi.gov.in,Asst. Director/ AIA/ SIO/ SO,Shri Tarun Kumar,Scientific Officer,116A,,tarun.kumar92@nic.in,https://mofpi.gov.in/about-us/whos-who
Food Processing Industries (MoFPI),https://mofpi.gov.in,Media,Smt. Alpana Pant Sharma,Add Director Genral (M&C),,,mofpi.pib@gmail.com,https://mofpi.gov.in/about-us/whos-who
New and Renewable Energy (MNRE),https://mnre.gov.in,Cabinet Minister,Pralhad Venkatesh Joshi,Hon’ble Cabinet Minister (New & Renewable Energy),,,ofcofmin-mnre@gov.in,https://mnre.gov.in/whos-who/
New and Renewable Energy (MNRE),https://mnre.gov.in,Cabinet Minister,Narayan R. Gambhir,OSD to Hon’ble Minister,,,,https://mnre.gov.in/whos-who/
New and Renewable Energy (MNRE),https://mnre.gov.in,Cabinet Minister,Rahul Raichur (IRS),Private Secretary to Hon’ble Minister,,,,https://mnre.gov.in/whos-who/
New and Renewable Energy (MNRE),https://mnre.gov.in,Cabinet Minister,Abhay Kumar Mishra,Assistant PS to Hon’ble Minister,,,,https://mnre.gov.in/whos-who/
New and Renewable Energy (MNRE),https://mnre.gov.in,Cabinet Minister,Dhirendra Kumar Pandey,Under Secretary,,,dhirendrak.pandey@nic.in,https://mnre.gov.in/whos-who/
New and Renewable Energy (MNRE),https://mnre.gov.in,Cabinet Minister,Shubham Garg,Section Officer,,,shubham.mnre@gov.in,https://mnre.gov.in/whos-who/
New and Renewable Energy (MNRE),https://mnre.gov.in,Minister of State,Shripad Yesso Naik,Hon’ble Minister of State (New & Renewable Energy),,"20849074-75, 20849141",mos-mnre@gov.in,https://mnre.gov.in/whos-who/
New and Renewable Energy (MNRE),https://mnre.gov.in,Minister of State,Mahesh G. Jiwade (IRS),Private Secretary to Hon’ble MoS,,"20849074-75, 20849141",mahesh.g.jiwade@gov.in,https://mnre.gov.in/whos-who/
New and Renewable Energy (MNRE),https://mnre.gov.in,Minister of State,Sudhanva Y. Patki,Addl. PS to Hon’ble MoS,,"20849074-75, 20849141",addl.ps.mnre@gov.in,https://mnre.gov.in/whos-who/
New and Renewable Energy (MNRE),https://mnre.gov.in,Minister of State,Rajesh Sharma,Asst. PS to Hon’ble MoS,,"20849074-75, 20849141",rajesh.s0512@gov.in,https://mnre.gov.in/whos-who/
New and Renewable Energy (MNRE),https://mnre.gov.in,Minister of State,Shripal Singh,PPS,,"20849074-75, 20849141",shripal.singh@nic.in,https://mnre.gov.in/whos-who/
New and Renewable Energy (MNRE),https://mnre.gov.in,Minister of State,Anand Agrawal,Second PA to Hon’ble MoS,,"20849074-75, 20849141",anand.agrawal03@gov.in,https://mnre.gov.in/whos-who/
New and Renewable Energy (MNRE),https://mnre.gov.in,Minister of State,Rohit Kumar,Personal Assistant,,"20849074-75, 20849141",kumar.mnre@gov.in,https://mnre.gov.in/whos-who/
New and Renewable Energy (MNRE),https://mnre.gov.in,Secretary,Santosh Kumar Sarangi,Secretary,,,secy-mnre@nic.in,https://mnre.gov.in/whos-who/
New and Renewable Energy (MNRE),https://mnre.gov.in,Secretary’s Office,Suneel Kumar,PPS,,,suneel.74@gov.in,https://mnre.gov.in/whos-who/
New and Renewable Energy (MNRE),https://mnre.gov.in,Secretary’s Office,Mathew Joseph,PPS,,"20849012, 20849013",joseph.methew09@nic.in,https://mnre.gov.in/whos-who/
New and Renewable Energy (MNRE),https://mnre.gov.in,Additional Secretary,Mayank Tewari,Additional Secretary,,,as-mnre@gov.in,https://mnre.gov.in/whos-who/
New and Renewable Energy (MNRE),https://mnre.gov.in,Joint Secretary / Financial Advisor,Anupam Kumar,Joint Secretary,,,jsadmin-mnre@gov.in,https://mnre.gov.in/whos-who/
New and Renewable Energy (MNRE),https://mnre.gov.in,Joint Secretary / Financial Advisor,Rajesh Kulhari,Joint Secretary,,,rkjs.mnre@gov.in,https://mnre.gov.in/whos-who/
New and Renewable Energy (MNRE),https://mnre.gov.in,Joint Secretary / Financial Advisor,J.V.N. Subramanyam,Joint Secretary,,,js-mnre@gov.in,https://mnre.gov.in/whos-who/
New and Renewable Energy (MNRE),https://mnre.gov.in,Joint Secretary / Financial Advisor,Padam Lal Negi,Joint Secretary & Financial Advisor,,,faoffice.mnre@gov.in,https://mnre.gov.in/whos-who/
New and Renewable Energy (MNRE),https://mnre.gov.in,Economic Advisor/ Deputy Director General,J. Rajesh Kumar,Economic Advisor,,,jrajesh.kumar@nic.in,https://mnre.gov.in/whos-who/
New and Renewable Energy (MNRE),https://mnre.gov.in,Economic Advisor/ Deputy Director General,Mini Prasannakumar,Deputy Director General,,,miniprasanna.k@nic.in,https://mnre.gov.in/whos-who/
New and Renewable Energy (MNRE),https://mnre.gov.in,Chief Controller of Accounts,Sanchita Shukla,Chief Controller of Accounts,,,,https://mnre.gov.in/whos-who/
New and Renewable Energy (MNRE),https://mnre.gov.in,Mission Director,Abhay Bakre,Mission Director,,,abhay.bakre@nic.in,https://mnre.gov.in/whos-who/
New and Renewable Energy (MNRE),https://mnre.gov.in,Scientist G,Dr. Chandan Banerjee,Scientist G,,,banerjee.mnre@gov.in,https://mnre.gov.in/whos-who/
New and Renewable Energy (MNRE),https://mnre.gov.in,Scientist G,Pankaj Saxena,Scientist G,,,spankaj@nic.in,https://mnre.gov.in/whos-who/
New and Renewable Energy (MNRE),https://mnre.gov.in,Scientist F,Gaurav Mishra,Scientist F,,,gaurav.mishra76@gov.in,https://mnre.gov.in/whos-who/
New and Renewable Energy (MNRE),https://mnre.gov.in,Scientist F,Jeevan Kumar Jethani,Scientist F,,,jethani.jk@nic.in,https://mnre.gov.in/whos-who/
New and Renewable Energy (MNRE),https://mnre.gov.in,Scientist F,Sujit Pillai,Scientist F,,,sujit.pillai@gov.in,https://mnre.gov.in/whos-who/
New and Renewable Energy (MNRE),https://mnre.gov.in,Scientist E,Prabir Kumar Dash,Scientist E,,,prabir.dash@nic.in,https://mnre.gov.in/whos-who/
New and Renewable Energy (MNRE),https://mnre.gov.in,Scientist E,Anil Kumar,Scientist E,,,anil.kumar.mnre@nic.in,https://mnre.gov.in/whos-who/
New and Renewable Energy (MNRE),https://mnre.gov.in,Scientist E,Kuldeep Singh Rana,Scientist E,,,kuldeeprana.mnre@gov.in,https://mnre.gov.in/whos-who/
New and Renewable Energy (MNRE),https://mnre.gov.in,Scientist E,Sanjay Gorelal Karndhar,Scientist E,,,karndhar.sg@nic.in,https://mnre.gov.in/whos-who/
New and Renewable Energy (MNRE),https://mnre.gov.in,Scientist E,Vasanta Vadde Thakur,Scientist E,,,vasanta.thakur@nic.in,https://mnre.gov.in/whos-who/
New and Renewable Energy (MNRE),https://mnre.gov.in,Scientist E,Anindya Sundar Parira,Scientist E,,,anindya.parira@nic.in,https://mnre.gov.in/whos-who/
New and Renewable Energy (MNRE),https://mnre.gov.in,Scientist E,Hiren Chandra Borah,Scientist E,,,hiren.borah@nic.in,https://mnre.gov.in/whos-who/
New and Renewable Energy (MNRE),https://mnre.gov.in,Scientist E,Sanjay Kumar Shahi,Scientist E,,,sk.shahi@nic.in,https://mnre.gov.in/whos-who/
New and Renewable Energy (MNRE),https://mnre.gov.in,Scientist E,Shobhit Srivastava,Scientist E,,,shobhit.srivastava@nic.in,https://mnre.gov.in/whos-who/
New and Renewable Energy (MNRE),https://mnre.gov.in,Scientist E,Sita Ram Meena,Scientist E,,,meena.sr@nic.in,https://mnre.gov.in/whos-who/
New and Renewable Energy (MNRE),https://mnre.gov.in,Scientist E,Tarun Singh,Scientist E,,,tarun.singh@nic.in,https://mnre.gov.in/whos-who/
New and Renewable Energy (MNRE),https://mnre.gov.in,Director,Ishoo Ratna Srivastav,Director,,,ishoo.ratna@gov.in,https://mnre.gov.in/whos-who/
New and Renewable Energy (MNRE),https://mnre.gov.in,Director,Moinak Mukherjee,Director,,,m.mukerjee@gov.in,https://mnre.gov.in/whos-who/
New and Renewable Energy (MNRE),https://mnre.gov.in,Director,Kailash Chand,Director,,,kc.gaur@nic.in,https://mnre.gov.in/whos-who/
New and Renewable Energy (MNRE),https://mnre.gov.in,Director,Ishoo Ratna Srivastava,Director,,NA,ishoo.ratna@gov.in,https://mnre.gov.in/whos-who/
New and Renewable Energy (MNRE),https://mnre.gov.in,Director,Mir Mohammed Ali,Director,,,mir.ali@ias.nic.in,https://mnre.gov.in/whos-who/
New and Renewable Energy (MNRE),https://mnre.gov.in,Director,Aditya Pratap Singh,Director,,,adityap.singh@ips.gov.in,https://mnre.gov.in/whos-who/
New and Renewable Energy (MNRE),https://mnre.gov.in,Director,Prasad Arvind Chaphekar,Director,,,prasad.chaphekar@gov.in,https://mnre.gov.in/whos-who/
New and Renewable Energy (MNRE),https://mnre.gov.in,Director,Suman Chandra,Director,,,Suman.rawat84@ias.nic.in,https://mnre.gov.in/whos-who/
New and Renewable Energy (MNRE),https://mnre.gov.in,Director,Rampal Singh,Director,,,rampal.singh67@gov.in,https://mnre.gov.in/whos-who/
New and Renewable Energy (MNRE),https://mnre.gov.in,Director,Aseem Kumar,Director,,,aseemk201-cgo@gov.in,https://mnre.gov.in/whos-who/
New and Renewable Energy (MNRE),https://mnre.gov.in,Scientist D,Pabitra Mohan Barik,Scientist D,,,pabitra.mnre@gov.in,https://mnre.gov.in/whos-who/
New and Renewable Energy (MNRE),https://mnre.gov.in,Scientist D,Manish Singh Bisht,Scientist D,,,manish.mnre@gov.in,https://mnre.gov.in/whos-who/
New and Renewable Energy (MNRE),https://mnre.gov.in,Scientist D,Aravindh Madhavankutty Ambika,Scientist D,,,aravindh.mnre@gov.in,https://mnre.gov.in/whos-who/
New and Renewable Energy (MNRE),https://mnre.gov.in,Scientist D,Anubhav Uppal,Scientist D,,,anubhav.mnre@gov.in,https://mnre.gov.in/whos-who/
New and Renewable Energy (MNRE),https://mnre.gov.in,Scientist D,Arun Kumar,Scientist D,,,arun.kumar81@nic.in,https://mnre.gov.in/whos-who/
New and Renewable Energy (MNRE),https://mnre.gov.in,Scientist D,Nikhil Gakkhar,Scientist D,,,nikhil.mnre@gov.in,https://mnre.gov.in/whos-who/
New and Renewable Energy (MNRE),https://mnre.gov.in,Scientist D,Priya,Scientist D,,,priya.mnre@gov.in,https://mnre.gov.in/whos-who/
New and Renewable Energy (MNRE),https://mnre.gov.in,Scientist D,Vijay Kumar Bharti,Scientist D,,,vijay.mnre@gov.in,https://mnre.gov.in/whos-who/
New and Renewable Energy (MNRE),https://mnre.gov.in,Scientist D,Vikram Dhaka,Scientist D,,,vikram.mnre@gov.in,https://mnre.gov.in/whos-who/
New and Renewable Energy (MNRE),https://mnre.gov.in,Scientist D,PNBV Chalapathi Rao,Scientist D,,,chalapathi.rao@nic.in,https://mnre.gov.in/whos-who/
New and Renewable Energy (MNRE),https://mnre.gov.in,Deputy Secretary,Kailash Chand,Deputy Secretary,,,kc.gaur@nic.in,https://mnre.gov.in/whos-who/
New and Renewable Energy (MNRE),https://mnre.gov.in,Scientist C,Aditya Gangwar,Scientist-C,,,adityagangwar.mnre@gov.in,https://mnre.gov.in/whos-who/
New and Renewable Energy (MNRE),https://mnre.gov.in,Scientist C,Bikash Kumar Upadhyaya,Scientist-C,,,bikash.mnre@gov.in,https://mnre.gov.in/whos-who/
New and Renewable Energy (MNRE),https://mnre.gov.in,Scientist C,Prashant Dwivedi,Scientist-C,,,prashant.mnre@gov.in,https://mnre.gov.in/whos-who/
New and Renewable Energy (MNRE),https://mnre.gov.in,Scientist C,Sachin Meena,Scientist-C,,,sachin.mnre@gov.in,https://mnre.gov.in/whos-who/
New and Renewable Energy (MNRE),https://mnre.gov.in,Scientist C,Aditya Narayan Prajapati,Scientist-C,,,aditya.np@gov.in,https://mnre.gov.in/whos-who/
New and Renewable Energy (MNRE),https://mnre.gov.in,Scientist C,Tarun Valecha,Scientist-C,,,tarun.mnre@gov.in,https://mnre.gov.in/whos-who/
New and Renewable Energy (MNRE),https://mnre.gov.in,Scientist C,Arun Kumar Choudhary,Scientist-C,,,akchoudhary.mnre@gov.in,https://mnre.gov.in/whos-who/
New and Renewable Energy (MNRE),https://mnre.gov.in,Scientist C,Mohd. Azmal Mansoori,Scientist C,,,azmal.mnre@gov.in,https://mnre.gov.in/whos-who/
New and Renewable Energy (MNRE),https://mnre.gov.in,Scientist C,Pillarisetty Venkata Tarun Saketh,Scientist C,,,tarunsaketh.mnre@gov.in,https://mnre.gov.in/whos-who/
New and Renewable Energy (MNRE),https://mnre.gov.in,Scientist C,Ayush Gupta,Scientist-C,,,ayush.mnre@gov.in,https://mnre.gov.in/whos-who/
New and Renewable Energy (MNRE),https://mnre.gov.in,Scientist C,Rajkumar Bhawariya,Scientist-C,,,rajkumarb.mnre@gov.in,https://mnre.gov.in/whos-who/
New and Renewable Energy (MNRE),https://mnre.gov.in,Scientist C,Rishikesh Vaishnav,Scientist-C,,,rishikesh.mnre@gov.in,https://mnre.gov.in/whos-who/
New and Renewable Energy (MNRE),https://mnre.gov.in,Joint Director,Rajiv Kumar,Joint Director,,,rajiv.msme@gov.in,https://mnre.gov.in/whos-who/
New and Renewable Energy (MNRE),https://mnre.gov.in,Under Secretary,Rajat Yadav,Under Secretary,,,rajat.yadav48@gov.in,https://mnre.gov.in/whos-who/
New and Renewable Energy (MNRE),https://mnre.gov.in,Under Secretary,Ajit Kumar Dung Dung,Under Secretary,,,,https://mnre.gov.in/whos-who/
New and Renewable Energy (MNRE),https://mnre.gov.in,Under Secretary,Deepak Khatwani,Under Secretary,,,deepak.khatwani@gov.in,https://mnre.gov.in/whos-who/
New and Renewable Energy (MNRE),https://mnre.gov.in,Under Secretary,Pradeep Kumar,Under Secretary,,,rathee.pk@gov.in,https://mnre.gov.in/whos-who/
New and Renewable Energy (MNRE),https://mnre.gov.in,Under Secretary,Tushar Pandey,Under Secretary,,,pandey.tushar@gov.in,https://mnre.gov.in/whos-who/
New and Renewable Energy (MNRE),https://mnre.gov.in,Under Secretary,Geetha Raja,Under Secretary,,,geetha.raja@nic.in,https://mnre.gov.in/whos-who/
New and Renewable Energy (MNRE),https://mnre.gov.in,Under Secretary,Ashish Batham,Under Secretary,,,ashish.batham@nic.in,https://mnre.gov.in/whos-who/
New and Renewable Energy (MNRE),https://mnre.gov.in,Under Secretary,Saurabh Mukherjee,Under Secretary,,,saurabhmukherjee.edu@nic.in,https://mnre.gov.in/whos-who/
New and Renewable Energy (MNRE),https://mnre.gov.in,Under Secretary,Yaurav,Under Secretary,,,yaurav.yadav@gov.in,https://mnre.gov.in/whos-who/
New and Renewable Energy (MNRE),https://mnre.gov.in,Under Secretary,Gitanjali Virmani,Under Secretary,,,gitanjali.virmani@gov.in,https://mnre.gov.in/whos-who/
New and Renewable Energy (MNRE),https://mnre.gov.in,Under Secretary,Dhirendra Kumar Pandey,Under Secretary,,,dhirendrak.pandey@nic.in,https://mnre.gov.in/whos-who/
New and Renewable Energy (MNRE),https://mnre.gov.in,Under Secretary,Sunita Sajwan,Under Secretary,,,sunita.sajwan@nic.in,https://mnre.gov.in/whos-who/
New and Renewable Energy (MNRE),https://mnre.gov.in,Deputy Director,Sheeba Jayaraj,Deputy Director,,,sheeba.j@gov.in,https://mnre.gov.in/whos-who/
New and Renewable Energy (MNRE),https://mnre.gov.in,Deputy Director/ Chief of Media & Communication,Nihi Sharma,Deputy Director/ Chief of Media & Communication,,,,https://mnre.gov.in/whos-who/
New and Renewable Energy (MNRE),https://mnre.gov.in,Assistant Director,Neeraj Nityanand Verma,Assistant Director,,,neerajverma.mnre@gov.in,https://mnre.gov.in/whos-who/
New and Renewable Energy (MNRE),https://mnre.gov.in,Section Officers,Chandan Kumar,Section Officer,,NA,chandan.mnre@gov.in,https://mnre.gov.in/whos-who/
New and Renewable Energy (MNRE),https://mnre.gov.in,Section Officers,Shiv Dayal,Section Officer,,,,https://mnre.gov.in/whos-who/
New and Renewable Energy (MNRE),https://mnre.gov.in,Section Officers,Mukesh Kumar Meena,Section Officer,,NA,,https://mnre.gov.in/whos-who/
New and Renewable Energy (MNRE),https://mnre.gov.in,Section Officers,Neha Tomar,Section Officer,,NA,,https://mnre.gov.in/whos-who/
New and Renewable Energy (MNRE),https://mnre.gov.in,Section Officers,Shalini Anand,Section Officer,,NA,,https://mnre.gov.in/whos-who/
New and Renewable Energy (MNRE),https://mnre.gov.in,Section Officers,Sunil Chopra,Section Officer,,NA,sunil.chopra@nic.in,https://mnre.gov.in/whos-who/
New and Renewable Energy (MNRE),https://mnre.gov.in,Section Officers,Nidhi Choudhary,Section Officer,,NA,nidhi.choudhary89@gov.in,https://mnre.gov.in/whos-who/
New and Renewable Energy (MNRE),https://mnre.gov.in,Section Officers,Saquib Ahmad,Section Officer,,NA,saquib.mnre@gov.in,https://mnre.gov.in/whos-who/
New and Renewable Energy (MNRE),https://mnre.gov.in,Section Officers,Ram Prasad,Section Officer,,NA,rpverma.mnre@gov.in,https://mnre.gov.in/whos-who/
New and Renewable Energy (MNRE),https://mnre.gov.in,Section Officers,Pravash Sikdar,Section Officer,,,pravash.mnre@gov.in,https://mnre.gov.in/whos-who/
New and Renewable Energy (MNRE),https://mnre.gov.in,Section Officers,Chander Ballabh,Section Officer,,,chander.ballabh@nic.in,https://mnre.gov.in/whos-who/
New and Renewable Energy (MNRE),https://mnre.gov.in,Section Officers,Chikirsha Prakash,Section Officer,,NA,chikirsha.mnre@gov.in,https://mnre.gov.in/whos-who/
New and Renewable Energy (MNRE),https://mnre.gov.in,Section Officers,Shubham Garg,Section Officer,,NA,shubham.mnre@gov.in,https://mnre.gov.in/whos-who/
New and Renewable Energy (MNRE),https://mnre.gov.in,Section Officers,Alois Toppo,Section Officer,,NA,alois.toppo@gov.in,https://mnre.gov.in/whos-who/
New and Renewable Energy (MNRE),https://mnre.gov.in,Section Officers,Subhashish Ghosh,Section Officer,,NA,subhasish.ghosh@nic.in,https://mnre.gov.in/whos-who/
New and Renewable Energy (MNRE),https://mnre.gov.in,Section Officers,Ashbir Singh,Section Officer,,NA,ashbir.singh@ncbc.nic.in,https://mnre.gov.in/whos-who/
New and Renewable Energy (MNRE),https://mnre.gov.in,Section Officers,Anita S Panicker,Section Officer,,NA,anitas.panikar@gov.in,https://mnre.gov.in/whos-who/
New and Renewable Energy (MNRE),https://mnre.gov.in,Section Officers,Suresh Chandra Dimri,Section Officer,,NA,sureshchandra.dimri17@gov.in,https://mnre.gov.in/whos-who/
New and Renewable Energy (MNRE),https://mnre.gov.in,Section Officers,Anjana,Section Officer,,,anjana.mnre@gov.in,https://mnre.gov.in/whos-who/
New and Renewable Energy (MNRE),https://mnre.gov.in,Section Officers,Bhavna Shivani,Section Officer,,NA,bhavna.mnre@gov.in,https://mnre.gov.in/whos-who/
New and Renewable Energy (MNRE),https://mnre.gov.in,Section Officers,Bhumika Sallan,Section Officer,,,bhumika.sallan@nic.in,https://mnre.gov.in/whos-who/
New and Renewable Energy (MNRE),https://mnre.gov.in,Section Officers,Subhajit Das,Section Officer,,NA,sdas.mnre@nic.in,https://mnre.gov.in/whos-who/
New and Renewable Energy (MNRE),https://mnre.gov.in,Section Officers,Subhra Kanti Hazra,Section Officer,,NA,subhra.mnre@gov.in,https://mnre.gov.in/whos-who/
New and Renewable Energy (MNRE),https://mnre.gov.in,Section Officers,Suman Saurabh,Section Officer,,,ssaurabh.mnre@gov.in,https://mnre.gov.in/whos-who/
New and Renewable Energy (MNRE),https://mnre.gov.in,Protocol Officer,Narendra Singh,Protocol Officer,,NA,mnreprotocol@gmail.com,https://mnre.gov.in/whos-who/
New and Renewable Energy (MNRE),https://mnre.gov.in,Protocol Officer,Sagar Bhardwaj,Protocol Officer,,NA,mnreprotocol@gmail.com,https://mnre.gov.in/whos-who/
New and Renewable Energy (MNRE),https://mnre.gov.in,Pay & Accounts Office,Arvind Kumar,Senior Accounts Officer,,,arvind.17@gov.in,https://mnre.gov.in/whos-who/
New and Renewable Energy (MNRE),https://mnre.gov.in,Pay & Accounts Office,Dharmendra Kumar Singh,Senior Account Officer,,,dharmendraksingh.17@gov.in,https://mnre.gov.in/whos-who/
New and Renewable Energy (MNRE),https://mnre.gov.in,Pay & Accounts Office,Maneesh Dwivedi,Deputy Controller of Account,,NA,dyca.mnre@gov.in,https://mnre.gov.in/whos-who/
New and Renewable Energy (MNRE),https://mnre.gov.in,Pay & Accounts Office,Santosh Arora,Senior Account Officer,,,Pao.mnre@gov.in,https://mnre.gov.in/whos-who/
New and Renewable Energy (MNRE),https://mnre.gov.in,National Green Hydrogen Mission Secretariat,Radhey Shyam Meena,Programme Director (Implementation),,,,https://mnre.gov.in/whos-who/
New and Renewable Energy (MNRE),https://mnre.gov.in,National Green Hydrogen Mission Secretariat,Abhilash Rajwanshi,Programme Director (Technology),,,abhilash.rajwanshi@gov.in,https://mnre.gov.in/whos-who/
New and Renewable Energy (MNRE),https://mnre.gov.in,National Green Hydrogen Mission Secretariat,Dharmendra Kumar Panchariya,"Subject Matter Expert (Pilots, Hubs & Infra)",,,dkp.nghm@gov.in,https://mnre.gov.in/whos-who/
New and Renewable Energy (MNRE),https://mnre.gov.in,National Green Hydrogen Mission Secretariat,Shreyank Mauria,Subject Matter Expert (Planning & Monitoring Programmes),,,shreyank.mauria@gov.in,https://mnre.gov.in/whos-who/
New and Renewable Energy (MNRE),https://mnre.gov.in,NIC-Division,Laxmi Prasad Sharma,DDG / Scientist G & HOG,,,hog-mnre@nic.in,https://mnre.gov.in/whos-who/
New and Renewable Energy (MNRE),https://mnre.gov.in,NIC-Division,Pankaj Bajaj,Scientist -F & HOD,,,hod-mnre@nic.in,https://mnre.gov.in/whos-who/
New and Renewable Energy (MNRE),https://mnre.gov.in,NIC-Division,Ashok Kumar Saxena,Scientist E / Director (I.T),,,ashok.saxena@nic.in,https://mnre.gov.in/whos-who/
New and Renewable Energy (MNRE),https://mnre.gov.in,NIC-Division,Swati Gautam,Scientific Officer,,NA,swati.11@nic.in,https://mnre.gov.in/whos-who/
Panchayati Raj (MoPR),https://panchayat.gov.in,Minister Office,Shri Rajiv Ranjan Singh alias Lalan Singh,Cabinet Minister,,23380780 23380781 23380782,fahdpr@nic.in,https://panchayat.gov.in/who-is-who-2/
Panchayati Raj (MoPR),https://panchayat.gov.in,Minister Office,"Shri Fating Rahul Haridas, IAS",PS to MPR,,23380780 23380781 23380782,fahdpr@nic.in,https://panchayat.gov.in/who-is-who-2/
Panchayati Raj (MoPR),https://panchayat.gov.in,Minister Office,Shri Asif Ali,Section Officer,,23380780 23380781 23380782,,https://panchayat.gov.in/who-is-who-2/
Panchayati Raj (MoPR),https://panchayat.gov.in,Minister of State Office,Prof. S.P. Singh Baghel,Minister of State,,23782143 23782518,mos-mopr@gov.in,https://panchayat.gov.in/who-is-who-2/
Panchayati Raj (MoPR),https://panchayat.gov.in,Minister of State Office,Ms. Vasudha Baliyan,"Addl. PS to MoS, PR",,23782548 23782143,vasudha.baliyan@gov.in,https://panchayat.gov.in/who-is-who-2/
Panchayati Raj (MoPR),https://panchayat.gov.in,Minister of State Office,Shri Basant Nath,Under Secretary,,23782548 23782143,,https://panchayat.gov.in/who-is-who-2/
Panchayati Raj (MoPR),https://panchayat.gov.in,Secretary,Shri Vivek Bharadwaj,Secretary,,23389008(O) 23389028(Fax),secy-mopr@nic.in,https://panchayat.gov.in/who-is-who-2/
Panchayati Raj (MoPR),https://panchayat.gov.in,Secretary,Shri Vikas Awasthi,PPS to Secretary,,23389008(O),vikas.awasthi72@nic.in,https://panchayat.gov.in/who-is-who-2/
Panchayati Raj (MoPR),https://panchayat.gov.in,Additional Secretaries,Shri Surinder Kumar Sharma,Sr. PPS,,23725301 23725311,surinder.sharma@nic.in,https://panchayat.gov.in/who-is-who-2/
Panchayati Raj (MoPR),https://panchayat.gov.in,Joint Secretaries,Ms Mukta Shekhar,Joint Secretary,,23753819(O) 23317931(Fax) 23072451(R),js2-mopr@gov.in,https://panchayat.gov.in/who-is-who-2/
Panchayati Raj (MoPR),https://panchayat.gov.in,Joint Secretaries,Shri Hemant Kumar Upreti,PSO,,23753819(O),hk.upreti@nic.in,https://panchayat.gov.in/who-is-who-2/
Panchayati Raj (MoPR),https://panchayat.gov.in,Joint Secretaries,Shri Prem Chandra Kumar Verma,PPS,,23753819(O),pck.verma@nic.in,https://panchayat.gov.in/who-is-who-2/
Panchayati Raj (MoPR),https://panchayat.gov.in,Joint Secretaries,Mrs. Palka Sahni,Joint Secretary,,23356556(O) 23354816(O),js1-mopr@gov.in,https://panchayat.gov.in/who-is-who-2/
Panchayati Raj (MoPR),https://panchayat.gov.in,Joint Secretaries,Shri Nandan Singh Negi,PPS,,23356556(O) 23354816(O),nandan.negi@nic.in,https://panchayat.gov.in/who-is-who-2/
Panchayati Raj (MoPR),https://panchayat.gov.in,Joint Secretaries,Shri Amit Agarwal,Joint Secretary,,23753820(O) 23753821(O),amitagar.309@gov.in,https://panchayat.gov.in/who-is-who-2/
Panchayati Raj (MoPR),https://panchayat.gov.in,Joint Secretaries,Shri Bhawani Shankar Meena,PS,,23753820(O) 23753821(O),bs.meena63@gov.in,https://panchayat.gov.in/who-is-who-2/
Panchayati Raj (MoPR),https://panchayat.gov.in,Joint Secretaries,Shri Rajesh Kumar Singh,Joint Secretary,,23725307(O),mopr-js@gov.in,https://panchayat.gov.in/who-is-who-2/
Panchayati Raj (MoPR),https://panchayat.gov.in,Joint Secretaries,Shri Vikas Chhikara,PA,,23725307(O),vikashchhikara@prasarbharati.gov.in,https://panchayat.gov.in/who-is-who-2/
Panchayati Raj (MoPR),https://panchayat.gov.in,Joint Secretaries,Ms Tanuja Thakur Khalkho,JS & FA,,,jsfa-mord@nic.in,https://panchayat.gov.in/who-is-who-2/
Panchayati Raj (MoPR),https://panchayat.gov.in,Joint Secretaries,Shri Harish Kumar,PPS,,,kharish.kumar13@nic.in,https://panchayat.gov.in/who-is-who-2/
Panchayati Raj (MoPR),https://panchayat.gov.in,Office of CCA (MoPR),Sh. Akhilesh Jha,CCA,,,cca-mord@nic.in,https://panchayat.gov.in/who-is-who-2/
Panchayati Raj (MoPR),https://panchayat.gov.in,Office of CCA (MoPR),Sh. Subhash Chander,PS to CCA,,,subhash.chander90@gov.in,https://panchayat.gov.in/who-is-who-2/
Panchayati Raj (MoPR),https://panchayat.gov.in,Office of CCA (MoPR),Sh. Neeraj Kumar Sharma,CA,,,neerajs.icas@govinin,https://panchayat.gov.in/who-is-who-2/
Panchayati Raj (MoPR),https://panchayat.gov.in,Office of CCA (MoPR),Shri Punit Chaurasiya,PA to CA,,,punit.chaurasiya@gov.in,https://panchayat.gov.in/who-is-who-2/
Panchayati Raj (MoPR),https://panchayat.gov.in,Office of CCA (MoPR),Ms. Kiran Rawat,Sr. AO,,,pao.del-mopr@nic.in,https://panchayat.gov.in/who-is-who-2/
Panchayati Raj (MoPR),https://panchayat.gov.in,Office of CCA (MoPR),Shri Narendra Kumar Pandey,AAO,,,pao.del-mopr@nic.in,https://panchayat.gov.in/who-is-who-2/
Panchayati Raj (MoPR),https://panchayat.gov.in,Directors,Shri Ramit Maurya,Director,,23356120(O),ramit.maurya@gov.in,https://panchayat.gov.in/who-is-who-2/
Panchayati Raj (MoPR),https://panchayat.gov.in,Directors,Shri Ashish Rawat,Steno D,,23356120(O),,https://panchayat.gov.in/who-is-who-2/
Panchayati Raj (MoPR),https://panchayat.gov.in,Directors,Shri Vipul Ujwal,Director,,23356126(O),dir-cbmopr@gov.in,https://panchayat.gov.in/who-is-who-2/
Panchayati Raj (MoPR),https://panchayat.gov.in,Directors,Shri Ankit Chaurasiya,Stenographer,,23356126(O),ankit.chaurasiya2015@gov.in,https://panchayat.gov.in/who-is-who-2/
Panchayati Raj (MoPR),https://panchayat.gov.in,Directors,Shri Dharmendra Kumar,Director,,23356231(O),dharmendra.kumar83@nic.in,https://panchayat.gov.in/who-is-who-2/
Panchayati Raj (MoPR),https://panchayat.gov.in,Directors,Ms Komal Neoliya,PS,,23356231(O),komalz@prasarbharati.gov.in,https://panchayat.gov.in/who-is-who-2/
Panchayati Raj (MoPR),https://panchayat.gov.in,Directors,Shri Neeraj Redhu,Steno D,,23356150(O),neeraj.redhu@gov.in,https://panchayat.gov.in/who-is-who-2/
Panchayati Raj (MoPR),https://panchayat.gov.in,Directors,Shri Vijay Kumar,Director,,23725316(O),vijay.kumar68@nic.in,https://panchayat.gov.in/who-is-who-2/
Panchayati Raj (MoPR),https://panchayat.gov.in,Directors,Shri Ashok Kumar,PPS,,23725316(O),ashok.kumar71@nic.in,https://panchayat.gov.in/who-is-who-2/
Panchayati Raj (MoPR),https://panchayat.gov.in,Deputy Secretaries,Shri Gulshan Yadav,Steno D,,23356122(O),gulshan.yadav12@nic.in,https://panchayat.gov.in/who-is-who-2/
Panchayati Raj (MoPR),https://panchayat.gov.in,Deputy Secretaries,Shri Shyam Lal,Deputy Secretary,,,shyam.lal-upsc@gov.in,https://panchayat.gov.in/who-is-who-2/
Panchayati Raj (MoPR),https://panchayat.gov.in,Under Secretaries/Deputy Director/Assistant Directors/Section Officers,Shri Santosh Kumar Sinha,DD,,23725304 (O),sinha.santosh@gov.in,https://panchayat.gov.in/who-is-who-2/
Panchayati Raj (MoPR),https://panchayat.gov.in,Under Secretaries/Deputy Director/Assistant Directors/Section Officers,Shri Lal Babu Prasad,DD,,,lb.prasad38@nic.in,https://panchayat.gov.in/who-is-who-2/
Panchayati Raj (MoPR),https://panchayat.gov.in,Under Secretaries/Deputy Director/Assistant Directors/Section Officers,Shri Gordhan Meena,DSA,,23356150(O),Gd.Mh231@mospi.gov.in,https://panchayat.gov.in/who-is-who-2/
Panchayati Raj (MoPR),https://panchayat.gov.in,Under Secretaries/Deputy Director/Assistant Directors/Section Officers,Shri Ram Babu Jangir,DDO,,23725312(O),rb.jangir@gov.in,https://panchayat.gov.in/who-is-who-2/
Panchayati Raj (MoPR),https://panchayat.gov.in,Under Secretaries/Deputy Director/Assistant Directors/Section Officers,Shri Tara Chandar,Under Secretary,,23753812(O),tara.chandar@nic.in,https://panchayat.gov.in/who-is-who-2/
Panchayati Raj (MoPR),https://panchayat.gov.in,Under Secretaries/Deputy Director/Assistant Directors/Section Officers,Smt. Padma Kaushik V,Under Secretary,,23753813 (O),padma.kaushikv@nic.in,https://panchayat.gov.in/who-is-who-2/
Panchayati Raj (MoPR),https://panchayat.gov.in,Under Secretaries/Deputy Director/Assistant Directors/Section Officers,Smt. Prasann Kujur,Under Secretary,,,prasannk.ekka@nic.in,https://panchayat.gov.in/who-is-who-2/
Panchayati Raj (MoPR),https://panchayat.gov.in,Under Secretaries/Deputy Director/Assistant Directors/Section Officers,Ms. Anjali Verma,Steno D,,,anjaliverma.1@nic.in,https://panchayat.gov.in/who-is-who-2/
Panchayati Raj (MoPR),https://panchayat.gov.in,Under Secretaries/Deputy Director/Assistant Directors/Section Officers,Shri Ajay Kumar,Under Secretary,,23356124(O) 9873462904(M),ajay.k42@nic.in,https://panchayat.gov.in/who-is-who-2/
Panchayati Raj (MoPR),https://panchayat.gov.in,Under Secretaries/Deputy Director/Assistant Directors/Section Officers,Shri Pankaj Kumar,Under Secretary,,23753817(O),pankaj.kr73@nic.in,https://panchayat.gov.in/who-is-who-2/
Panchayati Raj (MoPR),https://panchayat.gov.in,Under Secretaries/Deputy Director/Assistant Directors/Section Officers,Shri Rajendra Kumar,PA,,23753817(O),rajendra.kumar50@nic.in,https://panchayat.gov.in/who-is-who-2/
Panchayati Raj (MoPR),https://panchayat.gov.in,Under Secretaries/Deputy Director/Assistant Directors/Section Officers,Shri Rajesh Sharma,Under Secretary,,,rajesh.sharma1967@gov.in,https://panchayat.gov.in/who-is-who-2/
Panchayati Raj (MoPR),https://panchayat.gov.in,Under Secretaries/Deputy Director/Assistant Directors/Section Officers,Shri Pinaki Tahabildar,Under Secretary,,,pinaki.bt@nic.in,https://panchayat.gov.in/who-is-who-2/
Panchayati Raj (MoPR),https://panchayat.gov.in,Under Secretaries/Deputy Director/Assistant Directors/Section Officers,Shri Mahesh Kumar,AD,,23725310(O),mahesh.kmr73.gov.in,https://panchayat.gov.in/who-is-who-2/
Panchayati Raj (MoPR),https://panchayat.gov.in,Under Secretaries/Deputy Director/Assistant Directors/Section Officers,Shri Prashant Kumar,Section Officer,,,prashant.rth.nic.in,https://panchayat.gov.in/who-is-who-2/
Panchayati Raj (MoPR),https://panchayat.gov.in,Under Secretaries/Deputy Director/Assistant Directors/Section Officers,Shri Dhananjay Chawla,Section Officer,,,dhananjay.edu@gov.in,https://panchayat.gov.in/who-is-who-2/
Panchayati Raj (MoPR),https://panchayat.gov.in,Under Secretaries/Deputy Director/Assistant Directors/Section Officers,Ms Prachi Kumar,Section Officer,,23356119(O),estt-mopr@gov.in,https://panchayat.gov.in/who-is-who-2/
Panchayati Raj (MoPR),https://panchayat.gov.in,Under Secretaries/Deputy Director/Assistant Directors/Section Officers,Shri Umrav Mal Yadav,Section Officer,,23725315(O),umrav.yadav@gov.in,https://panchayat.gov.in/who-is-who-2/
Panchayati Raj (MoPR),https://panchayat.gov.in,Under Secretaries/Deputy Director/Assistant Directors/Section Officers,Shri Vishwadeep Yadav,Section Officer,,,vishwadeep.yadav@gov.in,https://panchayat.gov.in/who-is-who-2/
Panchayati Raj (MoPR),https://panchayat.gov.in,Under Secretaries/Deputy Director/Assistant Directors/Section Officers,Shri Pankaj Kumar,Section Officer,,23725309(O),pankaj.kr93@gov.in,https://panchayat.gov.in/who-is-who-2/
Panchayati Raj (MoPR),https://panchayat.gov.in,Under Secretaries/Deputy Director/Assistant Directors/Section Officers,Ms Neelima Goel,Section Officer,,,neelimagoel.dgca@gov.in,https://panchayat.gov.in/who-is-who-2/
Panchayati Raj (MoPR),https://panchayat.gov.in,Under Secretaries/Deputy Director/Assistant Directors/Section Officers,Shri Manikandhan,Section Officer,,,manikandhan.kp71@nic.in,https://panchayat.gov.in/who-is-who-2/
Panchayati Raj (MoPR),https://panchayat.gov.in,Under Secretaries/Deputy Director/Assistant Directors/Section Officers,Shri Yogendra Kumar Meena,Section Officer,,23725309(O),yogendra.meena@gov.in,https://panchayat.gov.in/who-is-who-2/
Panchayati Raj (MoPR),https://panchayat.gov.in,Assistant Section Officers,Shri Shivam Tomar,Assistant Section Officer,,,shivam.krtmr@gov.in,https://panchayat.gov.in/who-is-who-2/
Panchayati Raj (MoPR),https://panchayat.gov.in,Assistant Section Officers,Shri Ashish Yadav,Assistant Section Officer,,,ashish.yadav95@gov.in,https://panchayat.gov.in/who-is-who-2/
Panchayati Raj (MoPR),https://panchayat.gov.in,Assistant Section Officers,Shri Ravi Gupta,Assistant Section Officer,,,ravi.gupta12@gov.in,https://panchayat.gov.in/who-is-who-2/
Panchayati Raj (MoPR),https://panchayat.gov.in,Assistant Section Officers,Shri Sanjeev,Assistant Section Officer,,,sanjeev.1993@gov.in,https://panchayat.gov.in/who-is-who-2/
Panchayati Raj (MoPR),https://panchayat.gov.in,Assistant Section Officers,Shri Deependra Kumar,Assistant Section Officer,,,lakra.deependra@gov.in,https://panchayat.gov.in/who-is-who-2/
Panchayati Raj (MoPR),https://panchayat.gov.in,Assistant Section Officers,Ms. Anuradha,Assistant Section Officer,,,anuradha-css@gov.in,https://panchayat.gov.in/who-is-who-2/
Panchayati Raj (MoPR),https://panchayat.gov.in,Assistant Section Officers,Ms. Aasha Devi,Assistant Section Officer,,,aasha.muskan@gov.in,https://panchayat.gov.in/who-is-who-2/
Panchayati Raj (MoPR),https://panchayat.gov.in,Assistant Section Officers,Shri Harsh Kumar Jha,Assistant Section Officer,,,harshkumar.jha12@gov.in,https://panchayat.gov.in/who-is-who-2/
Panchayati Raj (MoPR),https://panchayat.gov.in,Assistant Section Officers,Ms. Preeti Agrawal,Assistant Section Officer,,,Agarwal.preeti@gov.in,https://panchayat.gov.in/who-is-who-2/
Panchayati Raj (MoPR),https://panchayat.gov.in,Assistant Section Officers,Shri Arvind Kumar Patel,Assistant Section Officer,,,patel.arvind@gov.in,https://panchayat.gov.in/who-is-who-2/
Panchayati Raj (MoPR),https://panchayat.gov.in,Assistant Section Officers,Shri Abhishek Rajbhar,Assistant Section Officer,,,a.rajbhar@gov.in,https://panchayat.gov.in/who-is-who-2/
Panchayati Raj (MoPR),https://panchayat.gov.in,Consultants/Research Associate,Dr. Mohd.Tauqueer Khan,National Project Coordinator,,23725309(O),tauqueer.khan@gov.in,https://panchayat.gov.in/who-is-who-2/
Panchayati Raj (MoPR),https://panchayat.gov.in,Consultants/Research Associate,Shri Aditya Vikram Singh,Consultant,,23725308(O),av.singh@nic.in,https://panchayat.gov.in/who-is-who-2/
Panchayati Raj (MoPR),https://panchayat.gov.in,Consultants/Research Associate,Ms. Piyali Roy,Consultant,,23725309(O),piyali.roy@nic.in,https://panchayat.gov.in/who-is-who-2/
Panchayati Raj (MoPR),https://panchayat.gov.in,Consultants/Research Associate,Ms. Shalini Sharan,Consultant,,23725309(O),sharan.shalini@govcontractor.nic.in,https://panchayat.gov.in/who-is-who-2/
Panchayati Raj (MoPR),https://panchayat.gov.in,Consultants/Research Associate,Ms. Raunak Ahmad,Consultant,,23725309(O),raunak.ahmad@govcontractor.nic.in,https://panchayat.gov.in/who-is-who-2/
Panchayati Raj (MoPR),https://panchayat.gov.in,Consultants/Research Associate,Shri Prasanta Konar,Consultant,,23725309(O),prasanta.konar@nic.in,https://panchayat.gov.in/who-is-who-2/
Panchayati Raj (MoPR),https://panchayat.gov.in,Consultants/Research Associate,Shri Mayank Kharbanda,Consultant,,,mayank.kharbanda@nic.in,https://panchayat.gov.in/who-is-who-2/
Panchayati Raj (MoPR),https://panchayat.gov.in,Consultants/Research Associate,Shri Subodh G,Consultant,,,subodh.gurjar@nic.in,https://panchayat.gov.in/who-is-who-2/
Panchayati Raj (MoPR),https://panchayat.gov.in,Consultants/Research Associate,Shri G. Counassegarane,Consultant,,,couna.g@nic.in,https://panchayat.gov.in/who-is-who-2/
Panchayati Raj (MoPR),https://panchayat.gov.in,Consultants/Research Associate,Ms. Karnika Kaushik,Consultant (GIS),,23753822(O),karnika.kaushik@nic.in,https://panchayat.gov.in/who-is-who-2/
Panchayati Raj (MoPR),https://panchayat.gov.in,Consultants/Research Associate,Shri Manoj Sharma,Consultant,,,manoj.sharma12@nic.in,https://panchayat.gov.in/who-is-who-2/
Panchayati Raj (MoPR),https://panchayat.gov.in,Consultants/Research Associate,Ms. Chandrani Saha,Consultant,,,chandrani.saha@nic.in,https://panchayat.gov.in/who-is-who-2/
Panchayati Raj (MoPR),https://panchayat.gov.in,Consultants/Research Associate,Shri Anjani Kumar Tiwari,Consultant,,23725308(O) 9891438539,ak.tiwari12@nic.in,https://panchayat.gov.in/who-is-who-2/
Panchayati Raj (MoPR),https://panchayat.gov.in,Consultants/Research Associate,Shri Manjul Mayank Pandey,Consultant(Legal),,,,https://panchayat.gov.in/who-is-who-2/
Panchayati Raj (MoPR),https://panchayat.gov.in,Consultants/Research Associate,Shri R K Chopra,Consultant,,,,https://panchayat.gov.in/who-is-who-2/
Panchayati Raj (MoPR),https://panchayat.gov.in,Consultants/Research Associate,Dr Bharat Chandra Rout,Consultant,,,bharat.rout@govcontractor.in,https://panchayat.gov.in/who-is-who-2/
Panchayati Raj (MoPR),https://panchayat.gov.in,Consultants/Research Associate,Shri Kamal Vashisht,Consultant,,,kv.kamal@govcontractor.in,https://panchayat.gov.in/who-is-who-2/
Panchayati Raj (MoPR),https://panchayat.gov.in,Consultants/Research Associate,Shri Charan Singh Yadav,Consultant,,,csyadav.12@govcontractor.in,https://panchayat.gov.in/who-is-who-2/
Panchayati Raj (MoPR),https://panchayat.gov.in,Consultants/Research Associate,Ms Priyanka Dutta,Consultant,,23352592(O),priyanka.mopr@nic.in,https://panchayat.gov.in/who-is-who-2/
Panchayati Raj (MoPR),https://panchayat.gov.in,Consultants/Research Associate,Shri Satyendra Jha,Consultant,,23352592(O),satyendra.mopr@nic.in,https://panchayat.gov.in/who-is-who-2/
Panchayati Raj (MoPR),https://panchayat.gov.in,Consultants/Research Associate,Dr Abhishek Singh,Consultant,,,abhishek.singh23@nic.in,https://panchayat.gov.in/who-is-who-2/
Panchayati Raj (MoPR),https://panchayat.gov.in,Consultants/Research Associate,Shri Devendra Singh,Consultant,,,Dev.singh64@govcontractor.in,https://panchayat.gov.in/who-is-who-2/
Panchayati Raj (MoPR),https://panchayat.gov.in,Consultants/Research Associate,Shri Divyanshu,Consultant,,,cons-dev@govcontractor.in,https://panchayat.gov.in/who-is-who-2/
Panchayati Raj (MoPR),https://panchayat.gov.in,Consultants/Research Associate,Smt Pooja Sharma,Consultant,,,pooja.sharma80@nic.in,https://panchayat.gov.in/who-is-who-2/
Panchayati Raj (MoPR),https://panchayat.gov.in,Consultants/Research Associate,Shri Mohit Gupta,Consultant,,,mohit.gupta20@nic.in,https://panchayat.gov.in/who-is-who-2/
Panchayati Raj (MoPR),https://panchayat.gov.in,Consultants/Research Associate,Shri Prerit Sarswat,Consultant,,,prerit.s@govcontractor.in,https://panchayat.gov.in/who-is-who-2/
Panchayati Raj (MoPR),https://panchayat.gov.in,Consultants/Research Associate,Shri Seepna Mohit Rao,Consultant,,,mohit.rao@nic.in,https://panchayat.gov.in/who-is-who-2/
Panchayati Raj (MoPR),https://panchayat.gov.in,Consultants/Research Associate,Shri Manoj Kumar,Consultant (GIS),,,cons-governance@govcontractor.in,https://panchayat.gov.in/who-is-who-2/
Panchayati Raj (MoPR),https://panchayat.gov.in,Consultants/Research Associate,Shri Abhas Vyas,Consultant,,,abhas.vyas@nic.in,https://panchayat.gov.in/who-is-who-2/
Panchayati Raj (MoPR),https://panchayat.gov.in,Consultants/Research Associate,Shri Sushant Sudhir,Consultant,,,sushant.sudhir@nic.in,https://panchayat.gov.in/who-is-who-2/
Panchayati Raj (MoPR),https://panchayat.gov.in,Consultants/Research Associate,Shri Shivam Ranjan,Consultant,,,shivam.ranjan@govcontractor.in,https://panchayat.gov.in/who-is-who-2/
Panchayati Raj (MoPR),https://panchayat.gov.in,Consultants/Research Associate,Shri Shubham Saini,Consultant,,,cons-svamitva@govcontractor.in,https://panchayat.gov.in/who-is-who-2/
Panchayati Raj (MoPR),https://panchayat.gov.in,NIC Cell (MoPR),Shri Ajay Madhukar Joshi,"Deputy Director General , HOG",,,amjoshi@nic.in,https://panchayat.gov.in/who-is-who-2/
Panchayati Raj (MoPR),https://panchayat.gov.in,NIC Cell (MoPR),Ms Sunita Jain,"Sr. Director (IT), HOD",,,jain.sunita@nic.in,https://panchayat.gov.in/who-is-who-2/
Panchayati Raj (MoPR),https://panchayat.gov.in,NIC Cell (MoPR),Note: K.B – Krishi Bhawan J.P.B – Jeevan Prakash Building J.B.B – Jeevan Bharati Building,,,,,https://panchayat.gov.in/who-is-who-2/
"Ports, Shipping and Waterways (MoPSW)",https://shipmin.gov.in,UNION MINISTER AND HIS OFFICE,Sh. Sarbananda Sonowal,"Hon’ble Minister of Ports,Shipping and Waterways",201,"23717422, 23717423, 23717424, 23356709 fax",minister-shipping@gov.in,https://shipmin.gov.in/who-s-who
"Ports, Shipping and Waterways (MoPSW)",https://shipmin.gov.in,UNION MINISTER AND HIS OFFICE,Sh. Amit Kumar,"PS to Hon’ble Minister of Ports,Shipping and Waterways",201,"23717422, 23717423, 23717424, 23356709 fax",ps-shipping@gov.in,https://shipmin.gov.in/who-s-who
"Ports, Shipping and Waterways (MoPSW)",https://shipmin.gov.in,UNION MINISTER AND HIS OFFICE,Sh. P. Dinesh,Additional PS,224/5201,"23717422, 23717423, 23717424, 23356709 fax",menon.p@nic.in,https://shipmin.gov.in/who-s-who
"Ports, Shipping and Waterways (MoPSW)",https://shipmin.gov.in,UNION MINISTER AND HIS OFFICE,Sh. Kuldip Gayan,Additional PS,5201,"23717422, 23717423, 23717424, 23356709 fax",kuldeep.gayan@gov.in,https://shipmin.gov.in/who-s-who
"Ports, Shipping and Waterways (MoPSW)",https://shipmin.gov.in,UNION MINISTER AND HIS OFFICE,Sh. Tuhin Hazarika,Asst. PS,205,"23717422, 23717423, 23717424, 23356709 fax",tuhin.hazarika@gov.in,https://shipmin.gov.in/who-s-who
"Ports, Shipping and Waterways (MoPSW)",https://shipmin.gov.in,UNION MINISTER AND HIS OFFICE,Sh. Mukul Ch Lahkar,Asst. PS,205,"23717422, 23717423, 23717424, 23356709 fax",mukul.lahkar@gov.in,https://shipmin.gov.in/who-s-who
"Ports, Shipping and Waterways (MoPSW)",https://shipmin.gov.in,UNION MINISTER AND HIS OFFICE,Sh. Prem Kumar,PPS,207,"23717422, 23717423, 23717424, 23356709 fax",,https://shipmin.gov.in/who-s-who
"Ports, Shipping and Waterways (MoPSW)",https://shipmin.gov.in,MINISTER OF STATE AND HIS OFFICE-,Sh. Shantanu Thakur,"Hon’ble Minister of State of Ports,Shipping and Waterways",215,"23710189,23710356","shantanu.thakur20@sansad.nic.in, officeofmos-psw@gov.in",https://shipmin.gov.in/who-s-who
"Ports, Shipping and Waterways (MoPSW)",https://shipmin.gov.in,MINISTER OF STATE AND HIS OFFICE-,Sh. Chandra Mohan Singh,PS to Hon’ble Minister of State,216,23710189/356,pstomos-psw@gov.in,https://shipmin.gov.in/who-s-who
"Ports, Shipping and Waterways (MoPSW)",https://shipmin.gov.in,MINISTER OF STATE AND HIS OFFICE-,Sh. Subhash Chandra Das,Additional PS,208,"23710189, 23710356",subhash.chandra94@gov.in,https://shipmin.gov.in/who-s-who
"Ports, Shipping and Waterways (MoPSW)",https://shipmin.gov.in,MINISTER OF STATE AND HIS OFFICE-,Sh. Anurag Bhabhra,Asst. PS,428/5203,"23710189, 23710356",anurag.bhabhra@gov.in,https://shipmin.gov.in/who-s-who
"Ports, Shipping and Waterways (MoPSW)",https://shipmin.gov.in,MINISTER OF STATE AND HIS OFFICE-,Sh.Pramod Kohli,PPS,211/5203,"23710189, 23710356",,https://shipmin.gov.in/who-s-who
"Ports, Shipping and Waterways (MoPSW)",https://shipmin.gov.in,SECRETARY AND HIS OFFICE,Sh. Vijay Kumar,Secretary,"401/5402, 5403","23714938, 23716656",secyship@nic.in,https://shipmin.gov.in/who-s-who
"Ports, Shipping and Waterways (MoPSW)",https://shipmin.gov.in,SECRETARY AND HIS OFFICE,Mrs. Vibha Atri,Sr. PPS,402/5402,,,https://shipmin.gov.in/who-s-who
"Ports, Shipping and Waterways (MoPSW)",https://shipmin.gov.in,SECRETARY AND HIS OFFICE,Sh. Sanjay Kumar,PPS,402/5402,,sanjay.kalonia@gov.in,https://shipmin.gov.in/who-s-who
"Ports, Shipping and Waterways (MoPSW)",https://shipmin.gov.in,SECRETARY AND HIS OFFICE,Sh. Deepak Kalonia,SO,402/5402,,kalonia.deepak@gov.in,https://shipmin.gov.in/who-s-who
"Ports, Shipping and Waterways (MoPSW)",https://shipmin.gov.in,AS & FA AND HIS OFFICE,Sh. Puneet Agarwal,AS & FA,516/5101/5102,"23736455,23721235",asfa-ship@nic.in,https://shipmin.gov.in/who-s-who
"Ports, Shipping and Waterways (MoPSW)",https://shipmin.gov.in,AS & FA AND HIS OFFICE,Sh. Sanjay Kumar,PPS,518/5102,"23736455,23721235",,https://shipmin.gov.in/who-s-who
"Ports, Shipping and Waterways (MoPSW)",https://shipmin.gov.in,AS & FA AND HIS OFFICE,Sh. Arpit Rukhaya,PA,518/5102,"23736455,23721235",,https://shipmin.gov.in/who-s-who
"Ports, Shipping and Waterways (MoPSW)",https://shipmin.gov.in,ADDITIONAL SECRETARY AND HIS OFFICE,Sh. Mukesh Mangal,Additional Secretary,403/5408,23711499 / 23733051,as.psw@gov.in,https://shipmin.gov.in/who-s-who
"Ports, Shipping and Waterways (MoPSW)",https://shipmin.gov.in,ADDITIONAL SECRETARY AND HIS OFFICE,Mr. Amit Kumar,PS,404/5405,23711499 / 23733051,,https://shipmin.gov.in/who-s-who
"Ports, Shipping and Waterways (MoPSW)",https://shipmin.gov.in,ADDITIONAL SECRETARY AND HIS OFFICE,Mrs. Anju Rani,PA,404/5405,23711499 / 23733051,,https://shipmin.gov.in/who-s-who
"Ports, Shipping and Waterways (MoPSW)",https://shipmin.gov.in,SR. ECO. ADVISER AND HIS OFFICE,Ms. Preeti Nath,"Senior Economic Adviser (ALHW, Media & Hindi)",410/5409,,sr.ecoadv@gov.in,https://shipmin.gov.in/who-s-who
"Ports, Shipping and Waterways (MoPSW)",https://shipmin.gov.in,SR. ECO. ADVISER AND HIS OFFICE,Ms. Simran Sharma,PPS,424/5412,,,https://shipmin.gov.in/who-s-who
"Ports, Shipping and Waterways (MoPSW)",https://shipmin.gov.in,JOINT SECRETARIES,Sh. Praveen P. Nair,"JS (Ports, PPP)",408/5410,,js-ports@nic.in,https://shipmin.gov.in/who-s-who
"Ports, Shipping and Waterways (MoPSW)",https://shipmin.gov.in,JOINT SECRETARIES,Sh. C.P. Singhal,PPS,417/5404,,,https://shipmin.gov.in/who-s-who
"Ports, Shipping and Waterways (MoPSW)",https://shipmin.gov.in,JOINT SECRETARIES,Sh. Sandeep Gupta,"JS (PHRD, Establishment, Coord. & Parl)",441/5628,,jsadmin-psw@gov.in jscord-psw@gov.in,https://shipmin.gov.in/who-s-who
"Ports, Shipping and Waterways (MoPSW)",https://shipmin.gov.in,JOINT SECRETARIES,Sh. L.P.Maurya,Sr. PPS,544/5574,,,https://shipmin.gov.in/who-s-who
"Ports, Shipping and Waterways (MoPSW)",https://shipmin.gov.in,JOINT SECRETARIES,Dr. Kamala Kanta Nath,"Adviser Statistics (IWT-I & II, TRW)",409B/5418,,"adviwt-psw@gov.in,trw-adv@gov.in",https://shipmin.gov.in/who-s-who
"Ports, Shipping and Waterways (MoPSW)",https://shipmin.gov.in,JOINT SECRETARIES,Mr. Sanoj Kumar Singh,PPS,412/5452,,,https://shipmin.gov.in/who-s-who
"Ports, Shipping and Waterways (MoPSW)",https://shipmin.gov.in,JOINT SECRETARIES,Sh. Venkatesapathy S.,"JS (IT, E-Gov, IC, MA & MS, DW && DGLL)",406/5413,,,https://shipmin.gov.in/who-s-who
"Ports, Shipping and Waterways (MoPSW)",https://shipmin.gov.in,JOINT SECRETARIES,Mrs. Neetu,PPS,405/5454,,,https://shipmin.gov.in/who-s-who
"Ports, Shipping and Waterways (MoPSW)",https://shipmin.gov.in,ADMINISTRATION DIVISION,Sh. Devendra Kumar,DS,436/5436,,dsphrd-psw@gov.in,https://shipmin.gov.in/who-s-who
"Ports, Shipping and Waterways (MoPSW)",https://shipmin.gov.in,ADMINISTRATION DIVISION,Sh. Sumit Nandan,US,439/ 5566,,us.admn-ship@gov.in,https://shipmin.gov.in/who-s-who
"Ports, Shipping and Waterways (MoPSW)",https://shipmin.gov.in,ADMINISTRATION DIVISION,Sh. Rajesh Bhatt,SO(Estt.-I),425/ 5425,,so.admn-ship@gov.in,https://shipmin.gov.in/who-s-who
"Ports, Shipping and Waterways (MoPSW)",https://shipmin.gov.in,ADMINISTRATION DIVISION,Sh. Bhushan Kanwadiya,SO (Estt.-II),425/5481,,bhushan.kanwadiya@gov.in,https://shipmin.gov.in/who-s-who
"Ports, Shipping and Waterways (MoPSW)",https://shipmin.gov.in,ADMINISTRATION DIVISION,Sh. Gaurav Sharma,SO (Gen),434/5434,,so.gen-ship@nic.in,https://shipmin.gov.in/who-s-who
"Ports, Shipping and Waterways (MoPSW)",https://shipmin.gov.in,ADMINISTRATION DIVISION,Sh. Kamal Maurya,DDO (Cash),319/5319,,ship-ddocash@gov.in,https://shipmin.gov.in/who-s-who
"Ports, Shipping and Waterways (MoPSW)",https://shipmin.gov.in,PORTS DIVISION,Sh. Dinesh Kumar,Dir (PD-I & IV),251/5217,,dirports-it.psw@gov.in,https://shipmin.gov.in/who-s-who
"Ports, Shipping and Waterways (MoPSW)",https://shipmin.gov.in,PORTS DIVISION,Sh. Samarth Verma,"Dir (PD-II,III)",409C/5417,,samarth.verma1@gov.in,https://shipmin.gov.in/who-s-who
"Ports, Shipping and Waterways (MoPSW)",https://shipmin.gov.in,PORTS DIVISION,Sh. Isaacs Gerard Baines,US (PD III & IV),435/5435,,usports-psw@gov.in,https://shipmin.gov.in/who-s-who
"Ports, Shipping and Waterways (MoPSW)",https://shipmin.gov.in,PORTS DIVISION,Sh. P.Hauzel,US ( PD-IV),138-B/5565,,uspd4-psw@gov.in,https://shipmin.gov.in/who-s-who
"Ports, Shipping and Waterways (MoPSW)",https://shipmin.gov.in,PORTS DIVISION,Sh. Nitin Kumar Nim,SO (PD-III),443/5443,,so-po@nic.in,https://shipmin.gov.in/who-s-who
"Ports, Shipping and Waterways (MoPSW)",https://shipmin.gov.in,PORTS DIVISION,Sh. Naveen Kumar,US (PD- I & II),547/5546,,uspd-psw@gov.in,https://shipmin.gov.in/who-s-who
"Ports, Shipping and Waterways (MoPSW)",https://shipmin.gov.in,PORTS DIVISION,Sh. Vinay Singh Prajapati,SO (PD-I),424/5424,,sopd1-psw@gov.in,https://shipmin.gov.in/who-s-who
"Ports, Shipping and Waterways (MoPSW)",https://shipmin.gov.in,PORTS DIVISION,Mrs. Ruchi Rawat,SO (PD-IV),138A/5507,,sopd4-ship@gov.in,https://shipmin.gov.in/who-s-who
"Ports, Shipping and Waterways (MoPSW)",https://shipmin.gov.in,PORTS DIVISION,Mrs. Swaran Kaur Bedi,SO (PD-II),424/5460,,pdii-moship@gov.in,https://shipmin.gov.in/who-s-who
"Ports, Shipping and Waterways (MoPSW)",https://shipmin.gov.in,PORTS DIVISION,Shri Roshan Lal,Consultant,535,,roshan.lal74@gov.in,https://shipmin.gov.in/who-s-who
"Ports, Shipping and Waterways (MoPSW)",https://shipmin.gov.in,PHRD DIVISION,Sh. Devendra Kumar,DS,436/5436,,dsphrd-psw@gov.in,https://shipmin.gov.in/who-s-who
"Ports, Shipping and Waterways (MoPSW)",https://shipmin.gov.in,PHRD DIVISION,Sh. Ashish Bhattacharya,US,438/5510,,usphrd-psw@gov.in,https://shipmin.gov.in/who-s-who
"Ports, Shipping and Waterways (MoPSW)",https://shipmin.gov.in,PHRD DIVISION,Ms Archana Chhikara,SO (Labour),138A/5421,,solabour-psw@gov.in,https://shipmin.gov.in/who-s-who
"Ports, Shipping and Waterways (MoPSW)",https://shipmin.gov.in,PHRD DIVISION,Sh. Amit kumar,SO(PE-I),423/5423,,sope1@nic.in,https://shipmin.gov.in/who-s-who
"Ports, Shipping and Waterways (MoPSW)",https://shipmin.gov.in,PHRD DIVISION,Sh. Kuldeep Singh,SO (PE-I),423/5423,,sope1@nic.in,https://shipmin.gov.in/who-s-who
"Ports, Shipping and Waterways (MoPSW)",https://shipmin.gov.in,PHRD DIVISION,Mrs. Indu,SO(PE-II),537/5477,,sopeii-psw@gov.in,https://shipmin.gov.in/who-s-who
"Ports, Shipping and Waterways (MoPSW)",https://shipmin.gov.in,SHIPPING DIVISION,Sh. Vipul Singhal,"Dir (MD, SBR, CSL && SU)",433/5433,,dir1-psw@gov.in,https://shipmin.gov.in/who-s-who
"Ports, Shipping and Waterways (MoPSW)",https://shipmin.gov.in,SHIPPING DIVISION,Sh. D.S. Rawat,PPS,443/5483,,ds.rawat25@nic.in,https://shipmin.gov.in/who-s-who
"Ports, Shipping and Waterways (MoPSW)",https://shipmin.gov.in,SHIPPING DIVISION,Sh. Opesh Kumar Sharma,"Dir (CS, MT, Media && ESRISE)",525/5614,,dir2-psw@gov.in,https://shipmin.gov.in/who-s-who
"Ports, Shipping and Waterways (MoPSW)",https://shipmin.gov.in,SHIPPING DIVISION,Sh. Chiranji Lal Meena,"US (CS, MT && ESRISE)",535/ 5437,,uscsit-psw@gov.in,https://shipmin.gov.in/who-s-who
"Ports, Shipping and Waterways (MoPSW)",https://shipmin.gov.in,SHIPPING DIVISION,Sh. Pranav Mittal,US (SBR & CSL),3rd Floor/ PTI Building,,usshipping2-psw@gov.in,https://shipmin.gov.in/who-s-who
"Ports, Shipping and Waterways (MoPSW)",https://shipmin.gov.in,SHIPPING DIVISION,Sh. Vivek Pahwa,US (IMO & ML),431/5431,,usml-psw@gov.in,https://shipmin.gov.in/who-s-who
"Ports, Shipping and Waterways (MoPSW)",https://shipmin.gov.in,SHIPPING DIVISION,Shri Manish Kumar Yadav,US (MA),427/5547,,usma-psw@gov.in,https://shipmin.gov.in/who-s-who
"Ports, Shipping and Waterways (MoPSW)",https://shipmin.gov.in,SHIPPING DIVISION,Sh. Sanjay Kumar,US (MD & SU) Addl Charge,"3rd Floor, PTI Building",,,https://shipmin.gov.in/who-s-who
"Ports, Shipping and Waterways (MoPSW)",https://shipmin.gov.in,SHIPPING DIVISION,Sh. Prem Kumar,SO (ESRISE),538/5558,,psw@gov.in,https://shipmin.gov.in/who-s-who
"Ports, Shipping and Waterways (MoPSW)",https://shipmin.gov.in,SHIPPING DIVISION,Sh. Raman Chamber,So (MD & SU),540/5511,,admd-psw@gov.in,https://shipmin.gov.in/who-s-who
"Ports, Shipping and Waterways (MoPSW)",https://shipmin.gov.in,SHIPPING DIVISION,Ms. Sugandha Grover,"SO (MT, CS && Media)",535,,somt@nic.in,https://shipmin.gov.in/who-s-who
"Ports, Shipping and Waterways (MoPSW)",https://shipmin.gov.in,SHIPPING DIVISION,Sh. Ashish Kumar Singh,SO (ML),"3rd Floor, PTI Building",,somg-ship@nic.in,https://shipmin.gov.in/who-s-who
"Ports, Shipping and Waterways (MoPSW)",https://shipmin.gov.in,SHIPPING DIVISION,Sh. Sandeep,SO (MA),540,,soma2-ship@gov.in,https://shipmin.gov.in/who-s-who
"Ports, Shipping and Waterways (MoPSW)",https://shipmin.gov.in,SHIPPING DIVISION,Sh. Himanshu Johri,SO,"3rd Floor, PTI Building",,,https://shipmin.gov.in/who-s-who
"Ports, Shipping and Waterways (MoPSW)",https://shipmin.gov.in,IC DIVISION,Sh. Samarth Verma,Dir,409C/5417,,samarth.verma1@gov.in,https://shipmin.gov.in/who-s-who
"Ports, Shipping and Waterways (MoPSW)",https://shipmin.gov.in,IC DIVISION,Sh. Manoj Kumar Singh,US,439/5472,,usic-psw@gov.in,https://shipmin.gov.in/who-s-who
"Ports, Shipping and Waterways (MoPSW)",https://shipmin.gov.in,IC DIVISION,Sh. Navneet Kadian,SO,538/5473,,soic-psw@gov.in,https://shipmin.gov.in/who-s-who
"Ports, Shipping and Waterways (MoPSW)",https://shipmin.gov.in,SAGARMALA/IPRCL/ALHW DIVISION,Sh. Ranjit Kr. Srivastava,"DS (Sagarmala- I & II, ALHW)",532/5532,,dssm2-psw@gov.in,https://shipmin.gov.in/who-s-who
"Ports, Shipping and Waterways (MoPSW)",https://shipmin.gov.in,SAGARMALA/IPRCL/ALHW DIVISION,Sh. Sanjay Kumar,US (SM-I),3rd floor/PTI Building,,ussm1-psw@gov.in,https://shipmin.gov.in/who-s-who
"Ports, Shipping and Waterways (MoPSW)",https://shipmin.gov.in,SAGARMALA/IPRCL/ALHW DIVISION,Sh. Rajiv Kumar,US(ALHW && Media),535/5503,,usalhw-psw@gov.in,https://shipmin.gov.in/who-s-who
"Ports, Shipping and Waterways (MoPSW)",https://shipmin.gov.in,SAGARMALA/IPRCL/ALHW DIVISION,Sh. Harikesh Meena,SO,3rd Floor/ PTI Building,,sagar.mala@gov.in,https://shipmin.gov.in/who-s-who
"Ports, Shipping and Waterways (MoPSW)",https://shipmin.gov.in,SAGARMALA/IPRCL/ALHW DIVISION,Mr. Sanjiv Kumar Tiwari,SO (SM-II),3rd Floor/ PTI Building,,sagar.mala@gov.in,https://shipmin.gov.in/who-s-who
"Ports, Shipping and Waterways (MoPSW)",https://shipmin.gov.in,PPP AND INVESTMENT PROMOTION,Sh. Rajesh Asati,DS,534/5509,,dirppp-psw@gov.in,https://shipmin.gov.in/who-s-who
"Ports, Shipping and Waterways (MoPSW)",https://shipmin.gov.in,PPP AND INVESTMENT PROMOTION,Sh. Sachin Kumar Katiyar,US,427/5427,,usppp-psw@gov.in,https://shipmin.gov.in/who-s-who
"Ports, Shipping and Waterways (MoPSW)",https://shipmin.gov.in,PPP AND INVESTMENT PROMOTION,Sh. Puneet Kumar,SO,537/5545,,pppcell-psw@gov.in,https://shipmin.gov.in/who-s-who
"Ports, Shipping and Waterways (MoPSW)",https://shipmin.gov.in,FINANCE DIVISION,Sh. Manoranjan Samal,DS,536/5571,,dsfin-psw@gov.in,https://shipmin.gov.in/who-s-who
"Ports, Shipping and Waterways (MoPSW)",https://shipmin.gov.in,FINANCE DIVISION,Sh. Sujeet Kumar,US,431/5416,,usifw-psw@gov.in,https://shipmin.gov.in/who-s-who
"Ports, Shipping and Waterways (MoPSW)",https://shipmin.gov.in,FINANCE DIVISION,Sh. Atul Mahendra,SO,529/5529,,sofin-psw@gov.in,https://shipmin.gov.in/who-s-who
"Ports, Shipping and Waterways (MoPSW)",https://shipmin.gov.in,IWT DIVISION,Sh. Rakesh Singh Nayal,Dir (IWT-I & II),422/5419,,diriwt1-psw@gov.in,https://shipmin.gov.in/who-s-who
"Ports, Shipping and Waterways (MoPSW)",https://shipmin.gov.in,IWT DIVISION,Sh. Anadi Sharma,US (IWT-I & II),547/5559,,psw-usiwt2@gov.in,https://shipmin.gov.in/who-s-who
"Ports, Shipping and Waterways (MoPSW)",https://shipmin.gov.in,IWT DIVISION,Sh. Shashank Pawar,SO (IWT- I & II),528/5528,,soiwt1-psw@gov.in,https://shipmin.gov.in/who-s-who
"Ports, Shipping and Waterways (MoPSW)",https://shipmin.gov.in,IWT DIVISION,Shri Satish Kumar,Consultant,540/5523,,satish.kr24@gov.in,https://shipmin.gov.in/who-s-who
"Ports, Shipping and Waterways (MoPSW)",https://shipmin.gov.in,IWT DIVISION,Shri Rahul Tiwari,Specialist (IWT-I),528/5528,,rahul.tiwari24@nic.in,https://shipmin.gov.in/who-s-who
"Ports, Shipping and Waterways (MoPSW)",https://shipmin.gov.in,VIGILANCE DIVISON,Sh. Rakesh Singh Nayal,Dir,422/5419,,,https://shipmin.gov.in/who-s-who
"Ports, Shipping and Waterways (MoPSW)",https://shipmin.gov.in,VIGILANCE DIVISON,Sh. Dhrub Kumar,US,432/5471,,usvig-psw@gov.in,https://shipmin.gov.in/who-s-who
"Ports, Shipping and Waterways (MoPSW)",https://shipmin.gov.in,VIGILANCE DIVISON,Sh. Dharamdev Lal Anand,SO,432/5432,,sovig-psw@gov.in,https://shipmin.gov.in/who-s-who
"Ports, Shipping and Waterways (MoPSW)",https://shipmin.gov.in,IT DIVISION,Sh. Dinesh Kumar,Dir,251/5217,,dirports-it.psw@gov.in,https://shipmin.gov.in/who-s-who
"Ports, Shipping and Waterways (MoPSW)",https://shipmin.gov.in,IT DIVISION,Sh. Naveen Mahla,US (IT),427/5547,,usdgll-psw@gov.in,https://shipmin.gov.in/who-s-who
"Ports, Shipping and Waterways (MoPSW)",https://shipmin.gov.in,IT DIVISION,Mrs. Ruchi Rawat,SO,138A/5507,,itship-psw@gov.in,https://shipmin.gov.in/who-s-who
"Ports, Shipping and Waterways (MoPSW)",https://shipmin.gov.in,COORDINATION DIVISION,Sh. Mrityunjay Jha,Dir (Coord-I & II),545/5536,,dircoord2-psw@gov.in,https://shipmin.gov.in/who-s-who
"Ports, Shipping and Waterways (MoPSW)",https://shipmin.gov.in,COORDINATION DIVISION,Sh. Anadi Sharma,US (Coord-I & II),416/5501,,uscoord1-psw@gov.in,https://shipmin.gov.in/who-s-who
"Ports, Shipping and Waterways (MoPSW)",https://shipmin.gov.in,COORDINATION DIVISION,Mrs. Kavita,AD (Coord- I & II),540/5512,,,https://shipmin.gov.in/who-s-who
"Ports, Shipping and Waterways (MoPSW)",https://shipmin.gov.in,COORDINATION DIVISION,Sh.V.S.Sehrawat,CONSULTANT,138B/5588,,vs.sehrawat@nic.in,https://shipmin.gov.in/who-s-who
"Ports, Shipping and Waterways (MoPSW)",https://shipmin.gov.in,DGLL DIVISION,Sh. Ramji Singh,DS,543/5541,,dddw-psw@gov.in,https://shipmin.gov.in/who-s-who
"Ports, Shipping and Waterways (MoPSW)",https://shipmin.gov.in,DGLL DIVISION,Sh. Naveen Mahla,US,427/5547,,usdgll-psw@gov.in,https://shipmin.gov.in/who-s-who
"Ports, Shipping and Waterways (MoPSW)",https://shipmin.gov.in,DGLL DIVISION,Sh. Pardeep Kumar,SO,538/5554,,pardeep.k89@gov.in,https://shipmin.gov.in/who-s-who
"Ports, Shipping and Waterways (MoPSW)",https://shipmin.gov.in,PARLIAMENT DIVISION,Sh. Mrityunjay Jha,Dir,545/5536,,dircoord2-psw@gov.in,https://shipmin.gov.in/who-s-who
"Ports, Shipping and Waterways (MoPSW)",https://shipmin.gov.in,PARLIAMENT DIVISION,Sh. Danwir Kishan Karwade,US,435/5325,,usparl-psw@gov.in,https://shipmin.gov.in/who-s-who
"Ports, Shipping and Waterways (MoPSW)",https://shipmin.gov.in,PARLIAMENT DIVISION,Sh.Ankit Gupta,SO,546A/5582,,parliship@nic.in,https://shipmin.gov.in/who-s-who
"Ports, Shipping and Waterways (MoPSW)",https://shipmin.gov.in,DEVELOPMENT WING,Sh. Ramji Singh,Dir (Engineering),543/5541,,dddw-psw@gov.in,https://shipmin.gov.in/who-s-who
"Ports, Shipping and Waterways (MoPSW)",https://shipmin.gov.in,SPECIAL INITIATIVES & PROJECTS,Sh. Samarth Verma,Director,409C/5417,,samarth.verma@gov.in,https://shipmin.gov.in/who-s-who
"Ports, Shipping and Waterways (MoPSW)",https://shipmin.gov.in,SPECIAL INITIATIVES & PROJECTS,Shri Rajesh Asati,DS,534/5509,,dirppp-psw@gov.in,https://shipmin.gov.in/who-s-who
"Ports, Shipping and Waterways (MoPSW)",https://shipmin.gov.in,SPECIAL INITIATIVES & PROJECTS,Dr. Tarun Kumar Budal,DD,438/5520,,ddports-psw@gov.in,https://shipmin.gov.in/who-s-who
"Ports, Shipping and Waterways (MoPSW)",https://shipmin.gov.in,SPECIAL INITIATIVES & PROJECTS,Ms. Catherine Singson,SO,535/5445,,sip-psw@gov.in,https://shipmin.gov.in/who-s-who
"Ports, Shipping and Waterways (MoPSW)",https://shipmin.gov.in,PR. CCA OFFICE,Sh. Vijay Kumar Singh,Pr. Chief Controller of Accounts,"4, IDA Building, Jam Nagar House",,prcca-ship@gov.in,https://shipmin.gov.in/who-s-who
"Ports, Shipping and Waterways (MoPSW)",https://shipmin.gov.in,PR. CCA OFFICE,Sh. Gurmail Singh,Sr. P.S,"8, IDA BuildingJam Nagar House",,prcca-ship@gov.in,https://shipmin.gov.in/who-s-who
"Ports, Shipping and Waterways (MoPSW)",https://shipmin.gov.in,PR. CCA OFFICE,Sh. Ram Chandra Jhakhar,Dy. Controller of Accounts,"208, IDA BuildingJam Nagar House",,ramjhakar.99@gov.in,https://shipmin.gov.in/who-s-who
"Ports, Shipping and Waterways (MoPSW)",https://shipmin.gov.in,PR. CCA OFFICE,Sh. Vivesh,Dy. Controller of Accounts,"203, IDA BuildingJam Nagar House",,vivesh.23@gov.in,https://shipmin.gov.in/who-s-who
"Ports, Shipping and Waterways (MoPSW)",https://shipmin.gov.in,ADJUDICATORY BOARD SECTION,Sh. Dinesh Kumar,Dir,251/5217,,dirports-it.psw@gov.in,https://shipmin.gov.in/who-s-who
"Ports, Shipping and Waterways (MoPSW)",https://shipmin.gov.in,ADJUDICATORY BOARD SECTION,Sh. Naveen Kumar,US,424/5424,,uspd-psw@gov.in,https://shipmin.gov.in/who-s-who
"Ports, Shipping and Waterways (MoPSW)",https://shipmin.gov.in,ADJUDICATORY BOARD SECTION,Shri Vinay Singh Prajapati,SO,546/5546,,sopd1-psw@gov.in,https://shipmin.gov.in/who-s-who
"Ports, Shipping and Waterways (MoPSW)",https://shipmin.gov.in,TRANSPORT RESEARCH WING,Ms. Mohita Aswal,Dy Dir,Jamnagar House (114),,ddtrw-psw@gov.in,https://shipmin.gov.in/who-s-who
"Ports, Shipping and Waterways (MoPSW)",https://shipmin.gov.in,TRANSPORT RESEARCH WING,Sh. Ashish Kumar Saini,SSO,Jamnagar House,,ashish-saini@nic.in,https://shipmin.gov.in/who-s-who
"Ports, Shipping and Waterways (MoPSW)",https://shipmin.gov.in,TRANSPORT RESEARCH WING,Sh. Jagdish Chand,SSO,Jamnagar House,,jagdish.chand2@nic.in,https://shipmin.gov.in/who-s-who
"Ports, Shipping and Waterways (MoPSW)",https://shipmin.gov.in,OFFICIAL LANGUAGE DIVISION,Sh. Mrityunjay Jha,Director,545/5536,,dircoord2-psw@gov.in,https://shipmin.gov.in/who-s-who
"Ports, Shipping and Waterways (MoPSW)",https://shipmin.gov.in,OFFICIAL LANGUAGE DIVISION,Mrs. Sangeeta Topno,Deputy Director,011/5011,,ddol-psw@gov.in,https://shipmin.gov.in/who-s-who
"Ports, Shipping and Waterways (MoPSW)",https://shipmin.gov.in,OFFICIAL LANGUAGE DIVISION,Sh. Indraj,AD,011/5012,,ol-psw@gov.in,https://shipmin.gov.in/who-s-who
"Ports, Shipping and Waterways (MoPSW)",https://shipmin.gov.in,OFFICIAL LANGUAGE DIVISION,Sh. Vinod Prakash Thakur,STO,011/5012,,ol-psw@gov.in,https://shipmin.gov.in/who-s-who
"Ports, Shipping and Waterways (MoPSW)",https://shipmin.gov.in,OFFICIAL LANGUAGE DIVISION,Mrs. Pooja,JTO,011/5012,,ol-psw@gov.in,https://shipmin.gov.in/who-s-who
"Ports, Shipping and Waterways (MoPSW)",https://shipmin.gov.in,NIC,Sh. Joydeep Shome,"Scientist-G HOG, NIC",,,hog-shipping@nic.in,https://shipmin.gov.in/who-s-who
"Ports, Shipping and Waterways (MoPSW)",https://shipmin.gov.in,NIC,Ms.Sangeeta Bhatia,"Scientist-F HOD, NIC",,,hod-shipping@nic.in,https://shipmin.gov.in/who-s-who
"Ports, Shipping and Waterways (MoPSW)",https://shipmin.gov.in,NIC,Sh. Pravin Srivastava,"Tech Director, NIC",535/Cabin B,,officer1.shipping@nic.in,https://shipmin.gov.in/who-s-who
"Ports, Shipping and Waterways (MoPSW)",https://shipmin.gov.in,NIC,Ms.Priya,Scientific/Technical Assistant-B,429/5480,,officer2.shipping@nic.in,https://shipmin.gov.in/who-s-who
"Ports, Shipping and Waterways (MoPSW)",https://shipmin.gov.in,NIC,Network & Email Support,,"322/5150 ,5552",,support-transport@supportgov.in,https://shipmin.gov.in/who-s-who
"Ports, Shipping and Waterways (MoPSW)",https://shipmin.gov.in,NIC,Web-Maintenace and Support,,138A,,web-ship@gov.in,https://shipmin.gov.in/who-s-who
"Ports, Shipping and Waterways (MoPSW)",https://shipmin.gov.in,BUDGET DIVISION,Sh. Manoranjan Samal,DS,536/5571,,dsfin-psw@gov.in,https://shipmin.gov.in/who-s-who
"Ports, Shipping and Waterways (MoPSW)",https://shipmin.gov.in,BUDGET DIVISION,Sh. Sujeet Kumar,US,431/5416,,usifw-psw@gov.in,https://shipmin.gov.in/who-s-who
"Ports, Shipping and Waterways (MoPSW)",https://shipmin.gov.in,BUDGET DIVISION,Sh. Pradhan Meena,SO,529/5549,,sobudget-psw@gov.in,https://shipmin.gov.in/who-s-who
"Ports, Shipping and Waterways (MoPSW)",https://shipmin.gov.in,CISF CONTROL ROOM,CISF Control Room (Transport Bhawan),,,,,https://shipmin.gov.in/who-s-who
"Ports, Shipping and Waterways (MoPSW)",https://shipmin.gov.in,MMO,Sh. Vijay Singh Negi,MMO,423-A/5479,,vs.negi@nic.in,https://shipmin.gov.in/who-s-who
"Ports, Shipping and Waterways (MoPSW)",https://shipmin.gov.in,CR Incharge,Sh. Rajesh Bhatt,CR Incharge,002/5001,,,https://shipmin.gov.in/who-s-who
Department of Animal Husbandry and Dairying (DoAHD),https://dahd.gov.in,"Office of Hon'ble Minister of Fisheries, Animal Husbandry and Dairying",Shri Rajiv Ranjan Singh alias Lalan Singh,"Hon'ble Minister of Fisheries, Animal Husbandry and Dairying",234,,minister-fahdpr@nic.in,https://dahd.gov.in/who-s-who
Department of Animal Husbandry and Dairying (DoAHD),https://dahd.gov.in,"Office of Hon'ble Minister of Fisheries, Animal Husbandry and Dairying",Shri Fating Rahul Haridas,"Private Secretary to Minister of Fisheries, Animal Husbandry and Dairying",233,,minister-fahdpr@nic.in,https://dahd.gov.in/who-s-who
Department of Animal Husbandry and Dairying (DoAHD),https://dahd.gov.in,"Office of Hon'ble Minister of Fisheries, Animal Husbandry and Dairying",Shri Birendra Kumar Mishra,"OSD to Minister of Fisheries, Animal Husbandry and Dairying",232,,minister-fahdpr@nic.in,https://dahd.gov.in/who-s-who
Department of Animal Husbandry and Dairying (DoAHD),https://dahd.gov.in,"Office of Hon'ble Minister of Fisheries, Animal Husbandry and Dairying",Shri Pramod Kumar,"First PA to Minister of Fisheries, Animal Husbandry and Dairying",235,,minister-fahdpr@nic.in,https://dahd.gov.in/who-s-who
Department of Animal Husbandry and Dairying (DoAHD),https://dahd.gov.in,"Office of Hon'ble Minister of State of Fisheries, Animal Husbandry and Dairying - 1",Prof. S.P. Singh Baghel,"Hon'ble Minister of State of Fisheries, Animal Husbandry and Dairying","199-J, 1st Floor, Krishi Bhawan",,mos-fahd@dahd.nic.in,https://dahd.gov.in/who-s-who
Department of Animal Husbandry and Dairying (DoAHD),https://dahd.gov.in,"Office of Hon'ble Minister of State of Fisheries, Animal Husbandry and Dairying - 1",...,Private Secretary,"392, 3rd Floor, Krishi Bhawan",,,https://dahd.gov.in/who-s-who
Department of Animal Husbandry and Dairying (DoAHD),https://dahd.gov.in,"Office of Hon'ble Minister of State of Fisheries, Animal Husbandry and Dairying - 1",Shri Himanshu Sharma,"Addl. Private Secretary to Minister of Fisheries, Animal Husbandry and Dairying","199-K2, 1st Floor, Krishi Bhawan",,himanshu.sharma80@dahd.nic.in,https://dahd.gov.in/who-s-who
Department of Animal Husbandry and Dairying (DoAHD),https://dahd.gov.in,"Office of Hon'ble Minister of State of Fisheries, Animal Husbandry and Dairying - 1",Shri Ajay Pratap Singh,Asst. Private Secretary,199-I,,,https://dahd.gov.in/who-s-who
Department of Animal Husbandry and Dairying (DoAHD),https://dahd.gov.in,"Office of Hon'ble Minister of State of Fisheries, Animal Husbandry and Dairying - 1",Shri Himanshu Srivastav,First Personal Assistant,199-I,,himanshu.sri@gov.in,https://dahd.gov.in/who-s-who
Department of Animal Husbandry and Dairying (DoAHD),https://dahd.gov.in,Secretary,Mr. Naresh Pal Gangwar,Secretary(AHD),218,,secyahd@nic.in,https://dahd.gov.in/who-s-who
Department of Animal Husbandry and Dairying (DoAHD),https://dahd.gov.in,Secretary,Smt. Madhu Surya,Sr. Principal Private Secretary,222,,madhu.surya@nic.in,https://dahd.gov.in/who-s-who
Department of Animal Husbandry and Dairying (DoAHD),https://dahd.gov.in,Additional Secretary/Financial Advisor,Ms. Aparna Bhatia,AS & FA,136,,aparna.bhatia@nic.in,https://dahd.gov.in/who-s-who
Department of Animal Husbandry and Dairying (DoAHD),https://dahd.gov.in,Additional Secretary/Financial Advisor,Ms. Kanika Bhattacharya,Principal Private Secretary ( AS&FA),135,,k.bhattacharya13@nic.in,https://dahd.gov.in/who-s-who
Department of Animal Husbandry and Dairying (DoAHD),https://dahd.gov.in,Additional Secretary/Financial Advisor,Ms. Varsha Joshi,Additional Secretary (CDD/Trade/CE&P),240,,jsdairy-ahd@gov.in,https://dahd.gov.in/who-s-who
Department of Animal Husbandry and Dairying (DoAHD),https://dahd.gov.in,Additional Secretary/Financial Advisor,Ms. Sonia Pahwa,PS to AS (CDD),239,,sonia.pahwa87@nic.in,https://dahd.gov.in/who-s-who
Department of Animal Husbandry and Dairying (DoAHD),https://dahd.gov.in,Additional Secretary/Financial Advisor,Shri Rama Shankar Sinha,Additional Secretary (LH),245,,jslh-dadf@nic.in,https://dahd.gov.in/who-s-who
Department of Animal Husbandry and Dairying (DoAHD),https://dahd.gov.in,Additional Secretary/Financial Advisor,Shri Harcharan Singh,Sr. PPS to AS(LH),246-A,,harcharan.singh17@gov.in,https://dahd.gov.in/who-s-who
Department of Animal Husbandry and Dairying (DoAHD),https://dahd.gov.in,Animal Husbandry Commissioner,Dr. Naveena. B.Maheswarappa,Animal Husbandry Commissioner,"2nd Floor, ChanderLok Building, Janpath",,ahc-dahd@nic.in,https://dahd.gov.in/who-s-who
Department of Animal Husbandry and Dairying (DoAHD),https://dahd.gov.in,Animal Husbandry Commissioner,Shri Vishesh Kumar Saini,PS to AHC,"2nd Floor, ChanderLok Building, Janpath",,,https://dahd.gov.in/who-s-who
Department of Animal Husbandry and Dairying (DoAHD),https://dahd.gov.in,Joint Secretaries/Statistical Adviser/Chief Controller of Accounts,Dr. Muthukumarasamy B.,Joint Secretary (NLM/SD),190-A,,js-nlm@dahd.nic.in,https://dahd.gov.in/who-s-who
Department of Animal Husbandry and Dairying (DoAHD),https://dahd.gov.in,Joint Secretaries/Statistical Adviser/Chief Controller of Accounts,Ms. Indu Malhotra,PPS to JS,189-A,,malhotra.indu@nic.in,https://dahd.gov.in/who-s-who
Department of Animal Husbandry and Dairying (DoAHD),https://dahd.gov.in,Joint Secretaries/Statistical Adviser/Chief Controller of Accounts,Shri Jagat Hazarika,Statistical Adviser(Stats/PC/NDLM/IT) & CVO,"2nd Floor, ChanderLok Building, Janpath",,advisor.ahs@dahd.nic.in,https://dahd.gov.in/who-s-who
Department of Animal Husbandry and Dairying (DoAHD),https://dahd.gov.in,Joint Secretaries/Statistical Adviser/Chief Controller of Accounts,Ms. Vaneeta Nagi,PPS,"2nd Floor, ChanderLok Building, Janpath",,vinita.nagi@nic.in,https://dahd.gov.in/who-s-who
Department of Animal Husbandry and Dairying (DoAHD),https://dahd.gov.in,Joint Secretaries/Statistical Adviser/Chief Controller of Accounts,Ms. Anandi Venkateswaran,Joint Secretary (IFD),354,,anandi.v@gov.in,https://dahd.gov.in/who-s-who
Department of Animal Husbandry and Dairying (DoAHD),https://dahd.gov.in,Joint Secretaries/Statistical Adviser/Chief Controller of Accounts,Ms. Chandan Mishra Dwivedi,Chief Controller of Accounts(DAHD),241,,cca-agri@gov.in,https://dahd.gov.in/who-s-who
Department of Animal Husbandry and Dairying (DoAHD),https://dahd.gov.in,Joint Secretaries/Statistical Adviser/Chief Controller of Accounts,Shri Viney Kumar,PA to CCA,242,,cca-agri@gov.in,https://dahd.gov.in/who-s-who
Department of Animal Husbandry and Dairying (DoAHD),https://dahd.gov.in,Directors/Deputy Secretaries/Joint Commissioners/Deputy Commissioners/Controller of Accounts/Additional Statistical Adviser,Dr. V. Jaya Chandra Bhanu Reddy,Director (LH/IT),493-A,,dir-lh@dahd.nic.in,https://dahd.gov.in/who-s-who
Department of Animal Husbandry and Dairying (DoAHD),https://dahd.gov.in,Directors/Deputy Secretaries/Joint Commissioners/Deputy Commissioners/Controller of Accounts/Additional Statistical Adviser,Ms. Puja Rustagi,Director(Trade/IC/Dairy),398,,p.rustagi@nic.in,https://dahd.gov.in/who-s-who
Department of Animal Husbandry and Dairying (DoAHD),https://dahd.gov.in,Directors/Deputy Secretaries/Joint Commissioners/Deputy Commissioners/Controller of Accounts/Additional Statistical Adviser,Shri R.P.S. Rathore,Additional Statistical Adviser (AHS),"2nd Floor, ChanderLok Building, Janpath",,r.rathore@gov.in,https://dahd.gov.in/who-s-who
Department of Animal Husbandry and Dairying (DoAHD),https://dahd.gov.in,Directors/Deputy Secretaries/Joint Commissioners/Deputy Commissioners/Controller of Accounts/Additional Statistical Adviser,Dr. Sujit K. Dutta,Joint Commissioner (NLM),"401, Chanderlok Building ,Janpath",,sk.dutta@nic.in,https://dahd.gov.in/who-s-who
Department of Animal Husbandry and Dairying (DoAHD),https://dahd.gov.in,Directors/Deputy Secretaries/Joint Commissioners/Deputy Commissioners/Controller of Accounts/Additional Statistical Adviser,Dr. Vijay Kumar Teotia,Joint Commissioner (LH),"403, Chanderlok Building ,Janpath",,Vijay.teotia@gov.in,https://dahd.gov.in/who-s-who
Department of Animal Husbandry and Dairying (DoAHD),https://dahd.gov.in,Directors/Deputy Secretaries/Joint Commissioners/Deputy Commissioners/Controller of Accounts/Additional Statistical Adviser,Shri C. Sen,Joint Commissioner/GM (DMS),DMS Complex West Patel Nagar New Delhi,,chinmoyjit.sen@gov.in,https://dahd.gov.in/who-s-who
Department of Animal Husbandry and Dairying (DoAHD),https://dahd.gov.in,Directors/Deputy Secretaries/Joint Commissioners/Deputy Commissioners/Controller of Accounts/Additional Statistical Adviser,Dr. H.R.Khanna,Joint Commissioner (NLM),"402, Chanderlok Building ,Janpath",,hansraj.khanna@gov.in,https://dahd.gov.in/who-s-who
Department of Animal Husbandry and Dairying (DoAHD),https://dahd.gov.in,Directors/Deputy Secretaries/Joint Commissioners/Deputy Commissioners/Controller of Accounts/Additional Statistical Adviser,Dr. Sujit Nayak,Joint Commissioner (NADCP),"412, Chanderlok Building ,Janpath",,sujit.nayak@nic.in,https://dahd.gov.in/who-s-who
Department of Animal Husbandry and Dairying (DoAHD),https://dahd.gov.in,Directors/Deputy Secretaries/Joint Commissioners/Deputy Commissioners/Controller of Accounts/Additional Statistical Adviser,Dr. Aruna Sharma,Joint Commissioner (LH),"414, Chanderlok Building ,Janpath",,sharma.aruna@gov.in,https://dahd.gov.in/who-s-who
Department of Animal Husbandry and Dairying (DoAHD),https://dahd.gov.in,Directors/Deputy Secretaries/Joint Commissioners/Deputy Commissioners/Controller of Accounts/Additional Statistical Adviser,Dr. Gagan Garg,Joint Commissioner (RGM),346,,gagan.garg@nic.in,https://dahd.gov.in/who-s-who
Department of Animal Husbandry and Dairying (DoAHD),https://dahd.gov.in,Directors/Deputy Secretaries/Joint Commissioners/Deputy Commissioners/Controller of Accounts/Additional Statistical Adviser,Dr. Sandeep Kumar Singh,Joint Commissioner (LH),572,,sandeep.niah@gov.in,https://dahd.gov.in/who-s-who
Department of Animal Husbandry and Dairying (DoAHD),https://dahd.gov.in,Directors/Deputy Secretaries/Joint Commissioners/Deputy Commissioners/Controller of Accounts/Additional Statistical Adviser,Dr. Rajendra Gulabrao Bambal,Joint Commissioner (Cattle),"409, ChanderLok Building, Janpath",,rajendra.bambal@gov.in,https://dahd.gov.in/who-s-who
Department of Animal Husbandry and Dairying (DoAHD),https://dahd.gov.in,Directors/Deputy Secretaries/Joint Commissioners/Deputy Commissioners/Controller of Accounts/Additional Statistical Adviser,Shri S.C. Kashyap,Deputy Secretary (C&DD/Vigilance),417,,sckashyap.05@gov.in,https://dahd.gov.in/who-s-who
Department of Animal Husbandry and Dairying (DoAHD),https://dahd.gov.in,Directors/Deputy Secretaries/Joint Commissioners/Deputy Commissioners/Controller of Accounts/Additional Statistical Adviser,Ms. Swarnali Banerjee,Deputy Secretary (Budget/IFD),"417, Chanderlok Building ,Janpath",,swarnali.banerjee35@gov.in,https://dahd.gov.in/who-s-who
Department of Animal Husbandry and Dairying (DoAHD),https://dahd.gov.in,Directors/Deputy Secretaries/Joint Commissioners/Deputy Commissioners/Controller of Accounts/Additional Statistical Adviser,Dr. Sachin Kumar Yadav,Deputy Secretary,248-C,,ds-nlm@dahd.nic.in,https://dahd.gov.in/who-s-who
Department of Animal Husbandry and Dairying (DoAHD),https://dahd.gov.in,Directors/Deputy Secretaries/Joint Commissioners/Deputy Commissioners/Controller of Accounts/Additional Statistical Adviser,Shri B.Ginkhan Mang,Deputy Secretary (LH),"2nd Floor, Chanderlok Building ,Janpath",,bg.mang@nic.in,https://dahd.gov.in/who-s-who
Department of Animal Husbandry and Dairying (DoAHD),https://dahd.gov.in,Directors/Deputy Secretaries/Joint Commissioners/Deputy Commissioners/Controller of Accounts/Additional Statistical Adviser,Shri Achint Kumar,Deputy Secretary (AWD/Parl./Legal),334,,achint.kumar@nic.in,https://dahd.gov.in/who-s-who
Department of Animal Husbandry and Dairying (DoAHD),https://dahd.gov.in,Directors/Deputy Secretaries/Joint Commissioners/Deputy Commissioners/Controller of Accounts/Additional Statistical Adviser,Shri Sanjib Bhattacharya,Deputy Secretary (Admin l/ Admin ll/Cash Section),432-A,,sanjeeb.b@nic.in,https://dahd.gov.in/who-s-who
Department of Animal Husbandry and Dairying (DoAHD),https://dahd.gov.in,Directors/Deputy Secretaries/Joint Commissioners/Deputy Commissioners/Controller of Accounts/Additional Statistical Adviser,Dr. Lipi Sairiwal,Deputy Commissioner (AHIDF),"405, Chanderlok Building ,Janpath",,lipi.s@gov.in,https://dahd.gov.in/who-s-who
Department of Animal Husbandry and Dairying (DoAHD),https://dahd.gov.in,Directors/Deputy Secretaries/Joint Commissioners/Deputy Commissioners/Controller of Accounts/Additional Statistical Adviser,Dr. Sudam Bag,Deputy Commissioner (LH),"408, Chanderlok Building ,Janpath",,sudam.bag@dahd.nic.in,https://dahd.gov.in/who-s-who
Department of Animal Husbandry and Dairying (DoAHD),https://dahd.gov.in,Directors/Deputy Secretaries/Joint Commissioners/Deputy Commissioners/Controller of Accounts/Additional Statistical Adviser,Shri Dayanand Appa Sawant,Deputy Commissioner (DD),544,,dayanand.sawant@nic.in,https://dahd.gov.in/who-s-who
Department of Animal Husbandry and Dairying (DoAHD),https://dahd.gov.in,Directors/Deputy Secretaries/Joint Commissioners/Deputy Commissioners/Controller of Accounts/Additional Statistical Adviser,Dr. Aniruddha Padmakar Udaykar,Deputy Commissioner (Trade),297-C,,aniruddha.udaykar@gov.in,https://dahd.gov.in/who-s-who
Department of Animal Husbandry and Dairying (DoAHD),https://dahd.gov.in,Directors/Deputy Secretaries/Joint Commissioners/Deputy Commissioners/Controller of Accounts/Additional Statistical Adviser,Dr. Venkatesan.G.,Deputy Commissioner (Trade),538,,venky.g@gov.in,https://dahd.gov.in/who-s-who
Department of Animal Husbandry and Dairying (DoAHD),https://dahd.gov.in,Directors/Deputy Secretaries/Joint Commissioners/Deputy Commissioners/Controller of Accounts/Additional Statistical Adviser,Dr. Debalina Mitra,Deputy Commissioner (Livestock Health),"410, Chanderlok Building ,Janpath",,losr-dadf@gov.in,https://dahd.gov.in/who-s-who
Department of Animal Husbandry and Dairying (DoAHD),https://dahd.gov.in,Directors/Deputy Secretaries/Joint Commissioners/Deputy Commissioners/Controller of Accounts/Additional Statistical Adviser,Dr.Adhiraj Mishra,Deputy Commissioner (LH),"2nd Floor, Chanderlok Building ,Janpath",,adhiraj.lolh@gov.in,https://dahd.gov.in/who-s-who
Department of Animal Husbandry and Dairying (DoAHD),https://dahd.gov.in,Directors/Deputy Secretaries/Joint Commissioners/Deputy Commissioners/Controller of Accounts/Additional Statistical Adviser,Shri Ajith Kumar K,Deputy Commissioner (DD),297-C,,ajith.kk@gov.in,https://dahd.gov.in/who-s-who
Department of Animal Husbandry and Dairying (DoAHD),https://dahd.gov.in,Directors/Deputy Secretaries/Joint Commissioners/Deputy Commissioners/Controller of Accounts/Additional Statistical Adviser,Shri Vijay Thakre,Deputy Commissioner (Feed & Fodder),"Stilt Floor, Chanderlok Building ,Janpath",,feedfodder15-ahd@gov.in,https://dahd.gov.in/who-s-who
Department of Animal Husbandry and Dairying (DoAHD),https://dahd.gov.in,Directors/Deputy Secretaries/Joint Commissioners/Deputy Commissioners/Controller of Accounts/Additional Statistical Adviser,Dr Anirban Guha,Deputy Commissioner,"406, Chanderlok Building ,Janpath",,anirban.guha@gov.in,https://dahd.gov.in/who-s-who
Department of Animal Husbandry and Dairying (DoAHD),https://dahd.gov.in,Directors/Deputy Secretaries/Joint Commissioners/Deputy Commissioners/Controller of Accounts/Additional Statistical Adviser,Dr. Sulekha S. L,Deputy Commissioner (LH),"411, Chanderlok Building ,Janpath",,sulekha.sl@dahd.nic.in,https://dahd.gov.in/who-s-who
Department of Animal Husbandry and Dairying (DoAHD),https://dahd.gov.in,Directors/Deputy Secretaries/Joint Commissioners/Deputy Commissioners/Controller of Accounts/Additional Statistical Adviser,Shri Mala Ram Sonwal,Joint Director (Rajbhasha/RTI),"419, Chanderlok Building ,Janpath",,mr.sonwal@gov.in,https://dahd.gov.in/who-s-who
Department of Animal Husbandry and Dairying (DoAHD),https://dahd.gov.in,NIC - DAHD,Shri Ashish Vikram Asthana,HOG & Deputy Director General,,,hog-dahd@nic.in,https://dahd.gov.in/who-s-who
Department of Animal Husbandry and Dairying (DoAHD),https://dahd.gov.in,NIC - DAHD,Shri Bhuwan Chandra Mishra,HOD & Sr. Director (IT),436,,bcmishra@nic.in,https://dahd.gov.in/who-s-who
Department of Animal Husbandry and Dairying (DoAHD),https://dahd.gov.in,NIC - DAHD,Shri Sandeep Kumar,Joint Director (IT),436,,sandeep.sahu@nic.in,https://dahd.gov.in/who-s-who
Department of Animal Husbandry and Dairying (DoAHD),https://dahd.gov.in,Under Secretaries/Deputy Directors/Deputy Statistical Adviser/Assistant Commissioners,Smt. Swati Melti,Deputy Director (OL),557,,swati.melti@dahd.nic.in,https://dahd.gov.in/who-s-who
Department of Animal Husbandry and Dairying (DoAHD),https://dahd.gov.in,Under Secretaries/Deputy Directors/Deputy Statistical Adviser/Assistant Commissioners,Ms. Alisha Khanam,Deputy Statistical Adviser (AHS),"2nd Floor, Chanderlok Building, Janpath",,alisha.mustafa@mospi.gov.in,https://dahd.gov.in/who-s-who
Department of Animal Husbandry and Dairying (DoAHD),https://dahd.gov.in,Under Secretaries/Deputy Directors/Deputy Statistical Adviser/Assistant Commissioners,Shri Pankaj Kumar Sinha,Under Secretary (Admin l/Cash Section),532-A,,pk.sinha88@gov.in,https://dahd.gov.in/who-s-who
Department of Animal Husbandry and Dairying (DoAHD),https://dahd.gov.in,Under Secretaries/Deputy Directors/Deputy Statistical Adviser/Assistant Commissioners,Shri Vikas Kumar Vikrosy,Under Secretary (General & AQCS),532-A,,vk.vikrosy@gov.in,https://dahd.gov.in/who-s-who
Department of Animal Husbandry and Dairying (DoAHD),https://dahd.gov.in,Under Secretaries/Deputy Directors/Deputy Statistical Adviser/Assistant Commissioners,Shri S. Kamal Garg,Under Secretary (GC/PC),417,,gargsk.edu@nic.in,https://dahd.gov.in/who-s-who
Department of Animal Husbandry and Dairying (DoAHD),https://dahd.gov.in,Under Secretaries/Deputy Directors/Deputy Statistical Adviser/Assistant Commissioners,Shri Victor Bilung,Under Secretary (Parl./Legal),334,,victor.bilung38@nic.in,https://dahd.gov.in/who-s-who
Department of Animal Husbandry and Dairying (DoAHD),https://dahd.gov.in,Under Secretaries/Deputy Directors/Deputy Statistical Adviser/Assistant Commissioners,Smt. Anamika Nigam,Under Secretary (NLM),"Hall No. 2, 4th Floor, Chanderlok Building, Janpath",,anamika.edu@nic.in,https://dahd.gov.in/who-s-who
Department of Animal Husbandry and Dairying (DoAHD),https://dahd.gov.in,Under Secretaries/Deputy Directors/Deputy Statistical Adviser/Assistant Commissioners,Shri Surendra Singh Meena,Under Secretary (AWD),"2nd Floor, Chanderlok Building, Janpath",,ss.meena28@gov.in,https://dahd.gov.in/who-s-who
Department of Animal Husbandry and Dairying (DoAHD),https://dahd.gov.in,Under Secretaries/Deputy Directors/Deputy Statistical Adviser/Assistant Commissioners,Shri Vinod Kumar,Under Secretary (LH),"Stilt Floor, Chanderlok Building ,Janpath",,vinod.69@gov.in,https://dahd.gov.in/who-s-who
Department of Animal Husbandry and Dairying (DoAHD),https://dahd.gov.in,Under Secretaries/Deputy Directors/Deputy Statistical Adviser/Assistant Commissioners,Shri Sanjay Kumar,Under Secretary (C&DD),491,,sanjay.kmr70@nic.in,https://dahd.gov.in/who-s-who
Department of Animal Husbandry and Dairying (DoAHD),https://dahd.gov.in,Under Secretaries/Deputy Directors/Deputy Statistical Adviser/Assistant Commissioners,Shri Ranveer Singh,Under Secretary (IT/Vigilance),575,,ranveer.singh73@gov.in,https://dahd.gov.in/who-s-who
Department of Animal Husbandry and Dairying (DoAHD),https://dahd.gov.in,Under Secretaries/Deputy Directors/Deputy Statistical Adviser/Assistant Commissioners,Shri Nagendra,Under Secretary(Finance),"Hall No. 1, 4th Floor, Chanderlok Building, Janpath",,nagendra.42@gov.in,https://dahd.gov.in/who-s-who
Department of Animal Husbandry and Dairying (DoAHD),https://dahd.gov.in,Under Secretaries/Deputy Directors/Deputy Statistical Adviser/Assistant Commissioners,Dr. Astha Pant,Assistant Commissioner (NLM),"Hall No. 2, 4th Floor, Chanderlok Building, Janpath",,astha.87@dahd.nic.in,https://dahd.gov.in/who-s-who
Department of Animal Husbandry and Dairying (DoAHD),https://dahd.gov.in,Under Secretaries/Deputy Directors/Deputy Statistical Adviser/Assistant Commissioners,Dr. Sushil Kumar Singh,Assistant Commissioner(LH),572,,sushil.86@dahd.nic.in,https://dahd.gov.in/who-s-who
Department of Animal Husbandry and Dairying (DoAHD),https://dahd.gov.in,Under Secretaries/Deputy Directors/Deputy Statistical Adviser/Assistant Commissioners,Dr Pramod Kumar Kaushik,Assistant Commissioner(LH),"Stilt Floor, Chanderlok Building, Janpath",,pramod.kaushik70@gov.in,https://dahd.gov.in/who-s-who
Department of Animal Husbandry and Dairying (DoAHD),https://dahd.gov.in,Under Secretaries/Deputy Directors/Deputy Statistical Adviser/Assistant Commissioners,Sh. Sudhanshu Shekhar,Assistant Commissioner (DD),532,,shekhar@gov.in,https://dahd.gov.in/who-s-who
Department of Animal Husbandry and Dairying (DoAHD),https://dahd.gov.in,Under Secretaries/Deputy Directors/Deputy Statistical Adviser/Assistant Commissioners,Dr. Ani Bency Jacob,Assistant Commissioner (NLM),"Hall No. 2, 4th Floor, Chanderlok Building, Janpath",,anibency.jacob@gov.in,https://dahd.gov.in/who-s-who
Department of Animal Husbandry and Dairying (DoAHD),https://dahd.gov.in,Under Secretaries/Deputy Directors/Deputy Statistical Adviser/Assistant Commissioners,Dr. Saurabh Prakash,Assistant Commissioner (DD),532,,saurabh.prakash@gov.in,https://dahd.gov.in/who-s-who
Department of Animal Husbandry and Dairying (DoAHD),https://dahd.gov.in,Under Secretaries/Deputy Directors/Deputy Statistical Adviser/Assistant Commissioners,Dr. Sunita Dalal,Assistant Commissioner,"Hall No. 2, 4th Floor, Chanderlok Building, Janpath",,sunita.dalal@dahd.nic.in,https://dahd.gov.in/who-s-who
Department of Animal Husbandry and Dairying (DoAHD),https://dahd.gov.in,Under Secretaries/Deputy Directors/Deputy Statistical Adviser/Assistant Commissioners,Dr. Swaroop Omprakash Chandel,Assistant Commissioner(LH),"2nd Floor, Chanderlok Building, Janpath",,swaroop.chandel@mah.gov.in,https://dahd.gov.in/who-s-who
Department of Animal Husbandry and Dairying (DoAHD),https://dahd.gov.in,Under Secretaries/Deputy Directors/Deputy Statistical Adviser/Assistant Commissioners,Dr. Avinash Neeraj,Assistant Commissioner (CE&P),"Stilt Floor, Chanderlok Building, Janpath",,dravinash.neeraj1990@and.nic.in,https://dahd.gov.in/who-s-who
Department of Animal Husbandry and Dairying (DoAHD),https://dahd.gov.in,Under Secretaries/Deputy Directors/Deputy Statistical Adviser/Assistant Commissioners,Dr. Gaurav Singh,Assistant Commissioner (AQCS/CEAH),"2nd Floor, Chanderlok Building, Janpath",,gaurav.vet29@up.gov.in,https://dahd.gov.in/who-s-who
Department of Animal Husbandry and Dairying (DoAHD),https://dahd.gov.in,Under Secretaries/Deputy Directors/Deputy Statistical Adviser/Assistant Commissioners,Smt. Juney Jose Rodrigues,Assistant Commissioner,544,,juney.713531@kerala.gov.in,https://dahd.gov.in/who-s-who
Department of Animal Husbandry and Dairying (DoAHD),https://dahd.gov.in,Under Secretaries/Deputy Directors/Deputy Statistical Adviser/Assistant Commissioners,Dr. Chandra Bhadra,Assistant Commissioner (Cattle),538,,chandra.bhadra@nic.in,https://dahd.gov.in/who-s-who
Department of Animal Husbandry and Dairying (DoAHD),https://dahd.gov.in,Under Secretaries/Deputy Directors/Deputy Statistical Adviser/Assistant Commissioners,Dr. Jamuna Valsalan,Assistant Commissioner (RGM),538,,jamuna.valsalan@dahd.nic.in,https://dahd.gov.in/who-s-who
Department of Animal Husbandry and Dairying (DoAHD),https://dahd.gov.in,Under Secretaries/Deputy Directors/Deputy Statistical Adviser/Assistant Commissioners,Dr. Nihar Nalini Mohanty,Assistant Commissioner (Livestock Health),586,,nihar.niah@gov.in,https://dahd.gov.in/who-s-who
Department of Animal Husbandry and Dairying (DoAHD),https://dahd.gov.in,Under Secretaries/Deputy Directors/Deputy Statistical Adviser/Assistant Commissioners,Shri S.K.Kaushik,Assistant Commissioner (DD),532,,sk.kaushik33@gov.in,https://dahd.gov.in/who-s-who
Department of Animal Husbandry and Dairying (DoAHD),https://dahd.gov.in,Assistant Statistical Adviser/Assistant Director/Section Officer,Shri Shailendra Kumar,Director incharge RFS,"Stilt Floor, Chanderlok Building ,Janpath",,staff-dadf@gov.in,https://dahd.gov.in/who-s-who
Department of Animal Husbandry and Dairying (DoAHD),https://dahd.gov.in,Assistant Statistical Adviser/Assistant Director/Section Officer,Shri Baidhar Swain,Assistant Statistical Adviser,"2nd Floor, Chanderlok Building, Janpath",,baidhar.swain@gov.in,https://dahd.gov.in/who-s-who
Department of Animal Husbandry and Dairying (DoAHD),https://dahd.gov.in,Assistant Statistical Adviser/Assistant Director/Section Officer,Shri Mukesh Dutt Sharma,Assistant Statistical Adviser,"2nd Floor, Chanderlok Building, Janpath",,mukeshdutt.sharma68@gov.in,https://dahd.gov.in/who-s-who
Department of Animal Husbandry and Dairying (DoAHD),https://dahd.gov.in,Assistant Statistical Adviser/Assistant Director/Section Officer,Shri Niraj Nabham,Assistant Statistical Adviser,"2nd Floor, ChanderLok Building, Janpath",,nirajnabham.nsso@gov.in,https://dahd.gov.in/who-s-who
Department of Animal Husbandry and Dairying (DoAHD),https://dahd.gov.in,Assistant Statistical Adviser/Assistant Director/Section Officer,Shri Hemant Kumar,Section Officer,298-B,,heant.kumar@gov.in,https://dahd.gov.in/who-s-who
Department of Animal Husbandry and Dairying (DoAHD),https://dahd.gov.in,Assistant Statistical Adviser/Assistant Director/Section Officer,Shri Sachin Kumar,Section Officer,501,,asoic2-dadf@gov.in,https://dahd.gov.in/who-s-who
Department of Animal Husbandry and Dairying (DoAHD),https://dahd.gov.in,Assistant Statistical Adviser/Assistant Director/Section Officer,Shri Pankaj Kumar Singh,Section Officer (CE&P),"Stilt Floor, Chanderlok Building ,Janpath",,pksingh.moca@nic.in,https://dahd.gov.in/who-s-who
Department of Animal Husbandry and Dairying (DoAHD),https://dahd.gov.in,Assistant Statistical Adviser/Assistant Director/Section Officer,Shri Bharat Kumar,Section Officer,"Stilt Floor, Chanderlok Building ,Janpath",,bharat.kumar@gov.in,https://dahd.gov.in/who-s-who
Department of Animal Husbandry and Dairying (DoAHD),https://dahd.gov.in,Assistant Statistical Adviser/Assistant Director/Section Officer,Shri Manuj Gupta,Section Officer,435,,manuj.gupta@nic.in,https://dahd.gov.in/who-s-who
Department of Animal Husbandry and Dairying (DoAHD),https://dahd.gov.in,Assistant Statistical Adviser/Assistant Director/Section Officer,Shri Kiran Narula,Section Officer,"Hall No. 2, 4th Floor, Chanderlok Building, Janpath",,kiran.narula@gov.in,https://dahd.gov.in/who-s-who
Department of Animal Husbandry and Dairying (DoAHD),https://dahd.gov.in,Assistant Statistical Adviser/Assistant Director/Section Officer,Ms. Manju Kapoor,Section Officer,529,,kapoor.manju@nic.in,https://dahd.gov.in/who-s-who
Department of Animal Husbandry and Dairying (DoAHD),https://dahd.gov.in,Assistant Statistical Adviser/Assistant Director/Section Officer,Shri Sagar Gupta,Section Officer,"Hall No. 1, 4th Floor, Chanderlok Building, Janpath",,sagar.gupta89@dahd.nic.in,https://dahd.gov.in/who-s-who
Department of Animal Husbandry and Dairying (DoAHD),https://dahd.gov.in,Assistant Statistical Adviser/Assistant Director/Section Officer,Shri Anuj Bhardwaj,Section Officer,531,,anuj.bhardwaj@gov.in,https://dahd.gov.in/who-s-who
Department of Animal Husbandry and Dairying (DoAHD),https://dahd.gov.in,Assistant Statistical Adviser/Assistant Director/Section Officer,Shri Sunil Kumar Vats,Section Officer,531,,sunil.vats90@gov.in,https://dahd.gov.in/who-s-who
Department of Animal Husbandry and Dairying (DoAHD),https://dahd.gov.in,Assistant Statistical Adviser/Assistant Director/Section Officer,Shri Nishant Kumar,Section Officer,"Stilt Floor, Chanderlok Building ,Janpath",,nishant.92@gov.in,https://dahd.gov.in/who-s-who
Department of Animal Husbandry and Dairying (DoAHD),https://dahd.gov.in,Assistant Statistical Adviser/Assistant Director/Section Officer,Shri Satish Kumar,Section Officer,533,,satish.kmr29@gov.in,https://dahd.gov.in/who-s-who
Department of Animal Husbandry and Dairying (DoAHD),https://dahd.gov.in,Assistant Statistical Adviser/Assistant Director/Section Officer,Shri Akash Mittal,Section Officer,"Stilt Floor, Chanderlok Building ,Janpath",,akash.mittal@gov.in,https://dahd.gov.in/who-s-who
Department of Animal Husbandry and Dairying (DoAHD),https://dahd.gov.in,Assistant Statistical Adviser/Assistant Director/Section Officer,Shri SN Rajesh Kumar T,Section Officer,575,,snrk.tanguturi@gov.in,https://dahd.gov.in/who-s-who
Department of Animal Husbandry and Dairying (DoAHD),https://dahd.gov.in,Assistant Statistical Adviser/Assistant Director/Section Officer,Shri Aashish Goyal,Section Officer,436-A,,aashish.goyal@nic.in,https://dahd.gov.in/who-s-who
Department of Animal Husbandry and Dairying (DoAHD),https://dahd.gov.in,Assistant Statistical Adviser/Assistant Director/Section Officer,Shri Apoorv Kumar,Section Officer,"2nd Floor, Chanderlok Building, Janpath",,apoorv.kumar@gov.in,https://dahd.gov.in/who-s-who
Department of Animal Husbandry and Dairying (DoAHD),https://dahd.gov.in,Assistant Statistical Adviser/Assistant Director/Section Officer,Shri Gyanesh Kumar,Assistant Director,538,,g.kumar83@nic.in,https://dahd.gov.in/who-s-who
Department of Animal Husbandry and Dairying (DoAHD),https://dahd.gov.in,Technical Officer/Senior Statistical Officer/Junior Statistical Officer,Shri Naresh Kumar Yadav,Technical Officer(DD),532,,nk.yadav35@gov.in,https://dahd.gov.in/who-s-who
Department of Animal Husbandry and Dairying (DoAHD),https://dahd.gov.in,Technical Officer/Senior Statistical Officer/Junior Statistical Officer,Shri Siddharth Shankar,Senior Statistical Officer (NLM),"Hall No. 2, 4th Floor, Chanderlok Building, Janpath",,siddharth.shankar@nic.in,https://dahd.gov.in/who-s-who
Department of Animal Husbandry and Dairying (DoAHD),https://dahd.gov.in,Technical Officer/Senior Statistical Officer/Junior Statistical Officer,Ms. Sarita,Senior Statistical Officer (PC),575,,sarita.87@gov.in,https://dahd.gov.in/who-s-who
Department of Animal Husbandry and Dairying (DoAHD),https://dahd.gov.in,Technical Officer/Senior Statistical Officer/Junior Statistical Officer,Shri Sunil Kumar,Senior Statistical Officer (AHS),"2nd Floor, Chanderlok Building, Janpath",,sunil.kr1986@gov.in,https://dahd.gov.in/who-s-who
Department of Animal Husbandry and Dairying (DoAHD),https://dahd.gov.in,Livestock Officers,Dr. Pankaj Deori,Livestock Officer,491,,p.deori@dahd.nic.in,https://dahd.gov.in/who-s-who
Department of Animal Husbandry and Dairying (DoAHD),https://dahd.gov.in,Livestock Officers,Dr. Vivek Kumar Saroj,Livestock Officer,"2nd Floor, Chanderlok Building ,Janpath",,vivek.3323@dahd.nic.in,https://dahd.gov.in/who-s-who
Department of Animal Husbandry and Dairying (DoAHD),https://dahd.gov.in,Livestock Officers,Dr. Rahul Upasrao Rohankar,Livestock Officer,538,,rahul.rohankar@dahd.gov.in,https://dahd.gov.in/who-s-who
Department of Animal Husbandry and Dairying (DoAHD),https://dahd.gov.in,Livestock Officers,Dr. Sakshi Bhadouriya,Livestock Officer,"Stilt Floor, Chanderlok Building ,Janpath",,sakshi.bhadouriya@dahd.nic.in,https://dahd.gov.in/who-s-who
Department of Animal Husbandry and Dairying (DoAHD),https://dahd.gov.in,Livestock Officers,Dr. Malay Das,Livestock Officer,572,,drmalay.das@dahd.nic.in,https://dahd.gov.in/who-s-who
Department of Animal Husbandry and Dairying (DoAHD),https://dahd.gov.in,Livestock Officers,Dr. Chandra Prakash Dixit,Livestock Officer,"Hall No. 2, 4th Floor, Chanderlok Building, Janpath",,chandra.dixit@dahd.nic.in,https://dahd.gov.in/who-s-who
Department of Animal Husbandry and Dairying (DoAHD),https://dahd.gov.in,Livestock Officers,Dr. Neithono Kuotsu,Livestock Officer,"Stilt Floor, Chanderlok Building ,Janpath",,neithono.kuotsu@dahd.nic.in,https://dahd.gov.in/who-s-who
Department of Animal Husbandry and Dairying (DoAHD),https://dahd.gov.in,Officer on Special Duty,Shri Sushil kumar Lohani,Officer on Special Duty (OSD),,,,https://dahd.gov.in/who-s-who
Department of Chemicals and Petro-Chemicals (DoCP),https://chemicals.gov.in,,Shri Jagat Prakash Nadda,Minister (C&F),"23000G, 3rd floor, KB-II, 12107 C- Wing 2nd floor KB-I","011-24014850,24014781, 011-24013301, 24013302, 24013303",min-cnf@gov.in,https://chemicals.gov.in/who-who
Department of Chemicals and Petro-Chemicals (DoCP),https://chemicals.gov.in,,Shri Harsh Dikshit,PS to Min. (C&F),"23048, 3rd floor, KB-II","011-24014850, 24014781",harsh.dikshit.ias@nic.in,https://chemicals.gov.in/who-who
Department of Chemicals and Petro-Chemicals (DoCP),https://chemicals.gov.in,,Shri Sudershan Sharma,Addl.PS to Min. (C&F),"12106-C -Wing, 2nd floor, KB-I","011-24013301, 24013302, 24013330",sudershan.sharma76@gov.in,https://chemicals.gov.in/who-who
Department of Chemicals and Petro-Chemicals (DoCP),https://chemicals.gov.in,,Shri Amit Sharma,Addl.PS to Min. (C&F),"12106-C -Wing, 2nd floor, KB-I","011-24013301, 24013302, 24013330",amit.s82@gov.in,https://chemicals.gov.in/who-who
Department of Chemicals and Petro-Chemicals (DoCP),https://chemicals.gov.in,,Shri Himanshu Singh,Addl.PS to Min.(C&F),"12106-C -Wing, KB-I","011-24013301,24013302, 24013330",himanshu.singh97@gov.in,https://chemicals.gov.in/who-who
Department of Chemicals and Petro-Chemicals (DoCP),https://chemicals.gov.in,,Shri Gaurav Kumar Raj,"SO, O/o HMCF","23000G, 3rd floor, KB-II","011-24014850,24014781",gaurav.raj@gov.in,https://chemicals.gov.in/who-who
Department of Chemicals and Petro-Chemicals (DoCP),https://chemicals.gov.in,,Shri Himanshu Bedi,Second PA to Min. (C&F),"12106-C -Wing, KB-I","011-24014850,24014781",himanshu.bedi@gov.in,https://chemicals.gov.in/who-who
Department of Chemicals and Petro-Chemicals (DoCP),https://chemicals.gov.in,,Ms. Anupriya Patel,Minister of State (C&F),303 A,"23381768, 23383686, 23382364",mos-cf@gov.in,https://chemicals.gov.in/who-who
Department of Chemicals and Petro-Chemicals (DoCP),https://chemicals.gov.in,,Shri Akhilesh Kumar,PS to MoS (C&F),303 A,"23381768, 23383686, 23382364",,https://chemicals.gov.in/who-who
Department of Chemicals and Petro-Chemicals (DoCP),https://chemicals.gov.in,,Mohd Anzar Ansari,Second PA to MoS (C&F),303 A,"23381768, 23383686, 23382364",,https://chemicals.gov.in/who-who
Department of Chemicals and Petro-Chemicals (DoCP),https://chemicals.gov.in,,Shri Tejveer Singh,Secretary,23042,,sec.cpc@nic.in,https://chemicals.gov.in/who-who
Department of Chemicals and Petro-Chemicals (DoCP),https://chemicals.gov.in,,Shri K.P. Balaji,PSO to Secretary,23043-45 (KB-II),,kp.balaji@nic.in,https://chemicals.gov.in/who-who
Department of Chemicals and Petro-Chemicals (DoCP),https://chemicals.gov.in,,Ms. Deepi Prasad,PPS to Secretary,23043-45 (KB-II),,deepti.p@nic.in,https://chemicals.gov.in/who-who
Department of Chemicals and Petro-Chemicals (DoCP),https://chemicals.gov.in,,Ms. A. Ajitha,PPS to Secretary,23043-45 (KB-II),,,https://chemicals.gov.in/who-who
Department of Chemicals and Petro-Chemicals (DoCP),https://chemicals.gov.in,,Shri Manoj Sethi,JS&FA,13086 (KB-I),,manoj.sethi@nic.in,https://chemicals.gov.in/who-who
Department of Chemicals and Petro-Chemicals (DoCP),https://chemicals.gov.in,,Ms Monica Malhotra,Sr. PPS to JS & FA,13085 (KB-I),,asfa-mocf@nic.in,https://chemicals.gov.in/who-who
Department of Chemicals and Petro-Chemicals (DoCP),https://chemicals.gov.in,,Shri Anant Sharma,Steno to JS & FA,13085 (KB-I),,asfa-mocf@nic.in,https://chemicals.gov.in/who-who
Department of Chemicals and Petro-Chemicals (DoCP),https://chemicals.gov.in,,Shri Deepankar Aron,Joint Secretary (Chemical),23038-39 (KB-II),24015636-37,jschem-cpc@gov.in,https://chemicals.gov.in/who-who
Department of Chemicals and Petro-Chemicals (DoCP),https://chemicals.gov.in,,Shri Pavan Saini,PS to JS(Chem),23038-39 (KB-II),24015636-37,pavan.saini@gov.in,https://chemicals.gov.in/who-who
Department of Chemicals and Petro-Chemicals (DoCP),https://chemicals.gov.in,,Dr. G. Venkatesh,Joint Secretary (Petrochemical),23040-41(KB-II),,jspc-cpc@nic.in,https://chemicals.gov.in/who-who
Department of Chemicals and Petro-Chemicals (DoCP),https://chemicals.gov.in,,Shri Sanjeet Kumar,PPS to JS (PC),23040-41(KB-II),,sanjeet.kumar@nic.in,https://chemicals.gov.in/who-who
Department of Chemicals and Petro-Chemicals (DoCP),https://chemicals.gov.in,,Ms Divya Parmar,EA (Admn & Economic div),22019 (KB-II),,divya.parmar@gov.in,https://chemicals.gov.in/who-who
Department of Chemicals and Petro-Chemicals (DoCP),https://chemicals.gov.in,,Ms. Ruchi Chopra,PS to EA,22017 (KB-II),,,https://chemicals.gov.in/who-who
Department of Chemicals and Petro-Chemicals (DoCP),https://chemicals.gov.in,,Shri Archit Raj,Steno to EA,22017 (KB-II),,archit.raj@gov.in,https://chemicals.gov.in/who-who
Department of Chemicals and Petro-Chemicals (DoCP),https://chemicals.gov.in,,Shri Anil Phulwari,"Dy. DG (S&M, CVO, Hindi, Coordination )",22011 (KB-II),,anil.phulwari@gov.in,https://chemicals.gov.in/who-who
Department of Chemicals and Petro-Chemicals (DoCP),https://chemicals.gov.in,,Shri Mahaveer Prasad Gupta,PS to Dy. DG,22009 (KB-II),,mahaveer.gupta90@gov.in,https://chemicals.gov.in/who-who
Department of Chemicals and Petro-Chemicals (DoCP),https://chemicals.gov.in,,Shri Gyanendra Pratap Singh,Director (S&M) & Coord.,345-A,,singh.gp@gov.in,https://chemicals.gov.in/who-who
Department of Chemicals and Petro-Chemicals (DoCP),https://chemicals.gov.in,,Shri Mohd. Shakib,Steno to Dir.(S&M),340-A,,mohd.shakib@gov.in,https://chemicals.gov.in/who-who
Department of Chemicals and Petro-Chemicals (DoCP),https://chemicals.gov.in,,Ms. Vandana,Director (PC-I),22018 (KB-II),,dir.pc1@gov.in,https://chemicals.gov.in/who-who
Department of Chemicals and Petro-Chemicals (DoCP),https://chemicals.gov.in,,Ms. Sony Kumari,PS to Dir.(PC-I ),22017 (KB-II),,sony.kumari85@gov.in,https://chemicals.gov.in/who-who
Department of Chemicals and Petro-Chemicals (DoCP),https://chemicals.gov.in,,Shri W B Santhosh,"Director (Chem-II), (CISO)",23067 (KB-II),,wb.santhosh@gov.in,https://chemicals.gov.in/who-who
Department of Chemicals and Petro-Chemicals (DoCP),https://chemicals.gov.in,,Shri Lalan Kumar Jha,PA to Dir. (Chem-II),23066 (KB-II),,,https://chemicals.gov.in/who-who
Department of Chemicals and Petro-Chemicals (DoCP),https://chemicals.gov.in,,Ms. Anjana Tanwar,Joint Director (Economic div.),233 A,,anjana.tanwar@gov.in,https://chemicals.gov.in/who-who
Department of Chemicals and Petro-Chemicals (DoCP),https://chemicals.gov.in,,Ms. Monika,PA to JD,223A,,,https://chemicals.gov.in/who-who
Department of Chemicals and Petro-Chemicals (DoCP),https://chemicals.gov.in,,Shri Anil Kumar,DS (IFD),343 A,,kumaranil.hub@nic.in,https://chemicals.gov.in/who-who
Department of Chemicals and Petro-Chemicals (DoCP),https://chemicals.gov.in,,Shri Lovedeep Gunsaiwal,PA/Steno to DS(IFD),342 A,,lovedeep.gun@gov.in,https://chemicals.gov.in/who-who
Department of Chemicals and Petro-Chemicals (DoCP),https://chemicals.gov.in,,Shri Anurag Chandra,DS (Chem.),23056 (KB-II),,anurag.chandra28@gov.in,https://chemicals.gov.in/who-who
Department of Chemicals and Petro-Chemicals (DoCP),https://chemicals.gov.in,,Ms Kanan,Steno to DS (Chem.),23056 (KB-II),,,https://chemicals.gov.in/who-who
Department of Chemicals and Petro-Chemicals (DoCP),https://chemicals.gov.in,,Shri Mrinal Chawla,DS (PC),23068 (KB-II),,dir-pc@gov.in,https://chemicals.gov.in/who-who
Department of Chemicals and Petro-Chemicals (DoCP),https://chemicals.gov.in,,Shri Ganesh Singh,DS (admn & Vig.),23051 (KB-II),,ganesh.singh30@gov.in,https://chemicals.gov.in/who-who
Department of Chemicals and Petro-Chemicals (DoCP),https://chemicals.gov.in,,Ms. Ishika Jaduon,Steno to DS (admn & Vig.),23051 (KB-II),,ishika.jadoun@gov.in,https://chemicals.gov.in/who-who
Department of Chemicals and Petro-Chemicals (DoCP),https://chemicals.gov.in,,Dr. Rohit Misra,JIA,23049(KB-II),,rohit.misra@nic.in,https://chemicals.gov.in/who-who
Department of Chemicals and Petro-Chemicals (DoCP),https://chemicals.gov.in,,Shri Rahul Yadav,Steno to JIA,23049(KB-II),,rahul.yadav2025@gov.in,https://chemicals.gov.in/who-who
Department of Chemicals and Petro-Chemicals (DoCP),https://chemicals.gov.in,,Shri Manish Mishra,DS (Chem),,,,https://chemicals.gov.in/who-who
Department of Chemicals and Petro-Chemicals (DoCP),https://chemicals.gov.in,,Shri Satender Prasad,US (IFD & PC-II),313 B,,satender.p@nic.in,https://chemicals.gov.in/who-who
Department of Chemicals and Petro-Chemicals (DoCP),https://chemicals.gov.in,,Ms Manju Singh,US(Coord),342 A,,singh.manju@nic.in,https://chemicals.gov.in/who-who
Department of Chemicals and Petro-Chemicals (DoCP),https://chemicals.gov.in,,Shri Sudhir Kumar Tevatia,US (PC-IV),23049(KB-II),,sudhirkumar.tevatia@gov.in,https://chemicals.gov.in/who-who
Department of Chemicals and Petro-Chemicals (DoCP),https://chemicals.gov.in,,Ms.Hunny Rathore,Steno to US(PC-IV),23049(KB-II),,rathore.hunny@gov.in,https://chemicals.gov.in/who-who
Department of Chemicals and Petro-Chemicals (DoCP),https://chemicals.gov.in,,Shri Bijaya Kumar Maharana,DIA,23049(KB-II),,maharana.bk@gov.in,https://chemicals.gov.in/who-who
Department of Chemicals and Petro-Chemicals (DoCP),https://chemicals.gov.in,,Shri Chitvan Singh Dhillon,Dy. Director (Economic Div.),223A,,chitvan.dhillon@gov.in,https://chemicals.gov.in/who-who
Department of Chemicals and Petro-Chemicals (DoCP),https://chemicals.gov.in,,Ms. Niharika Singh,Dy. Director (Chem),23049 (KB-II),,,https://chemicals.gov.in/who-who
Department of Chemicals and Petro-Chemicals (DoCP),https://chemicals.gov.in,,Chandan Kumar,US(PC),342A,,chandan.kumar39@nic.in,https://chemicals.gov.in/who-who
Department of Chemicals and Petro-Chemicals (DoCP),https://chemicals.gov.in,,Rakesh Kumar Jha,DD(OL),342,,rakeshjha.ol@gov.in,https://chemicals.gov.in/who-who
Department of Chemicals and Petro-Chemicals (DoCP),https://chemicals.gov.in,,Shri Kaley Khan,AD(OL),342,,khan.kaley@gov.in,https://chemicals.gov.in/who-who
Department of Chemicals and Petro-Chemicals (DoCP),https://chemicals.gov.in,,Ms. Jaya Mewara,Assistant Industrial Adviser,23049(KB-II),,jaya.mewara@gov.in,https://chemicals.gov.in/who-who
Department of Chemicals and Petro-Chemicals (DoCP),https://chemicals.gov.in,,Shri Deepak Singh,SO (Chem-I),23049(KB-II),,deepak.singh88@gov.in,https://chemicals.gov.in/who-who
Department of Chemicals and Petro-Chemicals (DoCP),https://chemicals.gov.in,,Shri Harish Kumar,SO (PC-II),23049(KB-II),,harish.91@gov.in,https://chemicals.gov.in/who-who
Department of Chemicals and Petro-Chemicals (DoCP),https://chemicals.gov.in,,Shri Sharad Kumar Verma,SO (Chem),23049(KB-II),,sharad.verma@nic.in,https://chemicals.gov.in/who-who
Department of Chemicals and Petro-Chemicals (DoCP),https://chemicals.gov.in,,Ms Simmy,DDO,23049(KB-II),,simmy.92@gov.in,https://chemicals.gov.in/who-who
Department of Chemicals and Petro-Chemicals (DoCP),https://chemicals.gov.in,,Shri Sachin Kumar Poria,SO (Establishment & Admn),434 A,,sachin.poria@gov.in,https://chemicals.gov.in/who-who
Department of Chemicals and Petro-Chemicals (DoCP),https://chemicals.gov.in,,Shri Nitin Sakarwal,SO (PC IV),23049(KB-II),,nitin.sakarwal@nic.in,https://chemicals.gov.in/who-who
Department of Chemicals and Petro-Chemicals (DoCP),https://chemicals.gov.in,,Ms Manu,SO (Chem),23049(KB-II),,manu.yadav89@gov.in,https://chemicals.gov.in/who-who
Department of Chemicals and Petro-Chemicals (DoCP),https://chemicals.gov.in,,Ms. Parvesh Rani,SO(PC-IV),23049(KB-II),,sharma.parvesh@gov.in,https://chemicals.gov.in/who-who
Department of Chemicals and Petro-Chemicals (DoCP),https://chemicals.gov.in,,Shri Aman dahiya,SO(IFD),313 B,,aman.dahiya@gov.in,https://chemicals.gov.in/who-who
Department of Chemicals and Petro-Chemicals (DoCP),https://chemicals.gov.in,,Shri Devendra Kumar Singh,Sr. Statistical Officer,308 JB,,devendrak.singh@gov.in,https://chemicals.gov.in/who-who
Department of Chemicals and Petro-Chemicals (DoCP),https://chemicals.gov.in,,Ms. Manju Kumari,SO (Chem-III),340 A,,manju.kumari90@nic.in,https://chemicals.gov.in/who-who
Department of Chemicals and Petro-Chemicals (DoCP),https://chemicals.gov.in,,Ms. Suman Mehta,SO (Vigi.),342 A,,suman.mehta75@nic.in,https://chemicals.gov.in/who-who
Department of Chemicals and Petro-Chemicals (DoCP),https://chemicals.gov.in,,Ms. Pallavi,Media Consultant,342 A,,,https://chemicals.gov.in/who-who
Department of Chemicals and Petro-Chemicals (DoCP),https://chemicals.gov.in,,Shri Jayant Raushan,Middle Level Consultant,KB- II,,jayant.raushan@nic.in,https://chemicals.gov.in/who-who
Department of Chemicals and Petro-Chemicals (DoCP),https://chemicals.gov.in,,Ms Ritika Gupta,Consultant,223 A,,ritika.dcpc@nic.in,https://chemicals.gov.in/who-who
Department of Chemicals and Petro-Chemicals (DoCP),https://chemicals.gov.in,,Shri Sudesh Kumar,Consultant,KB -II,,sudesh.kumar044@nic.in,https://chemicals.gov.in/who-who
Department of Chemicals and Petro-Chemicals (DoCP),https://chemicals.gov.in,,Dr Sanjay Kr Chattopadhyay,"Convenor, Advisory Forum",KB -II,,sanjay.c59@gov.in,https://chemicals.gov.in/who-who
Department of Chemicals and Petro-Chemicals (DoCP),https://chemicals.gov.in,,Shri Ashok Kumar Agrawal,Dy. Director General,225 A,,hod-chempetro@nic.in,https://chemicals.gov.in/who-who
Department of Chemicals and Petro-Chemicals (DoCP),https://chemicals.gov.in,,Shri Vipin Sharma,Tech. Director,225 A,,vipin.sharma@nic.in,https://chemicals.gov.in/who-who
Department of Chemicals and Petro-Chemicals (DoCP),https://chemicals.gov.in,,Shri Jayveer Yadav,Sr. Programmer,225 A,,jay.1991@nic.in,https://chemicals.gov.in/who-who
Department of Chemicals and Petro-Chemicals (DoCP),https://chemicals.gov.in,,Ms. Priyanka Sharma,Technical Assistant,KB -II,,,https://chemicals.gov.in/who-who
Department of Chemicals and Petro-Chemicals (DoCP),https://chemicals.gov.in,,Shri Ashwani Kumar,Technical Assistant,KB -II,,,https://chemicals.gov.in/who-who
Department of Chemicals and Petro-Chemicals (DoCP),https://chemicals.gov.in,,Shri Santosh Kumar,CCA,"703 A,7th Floor,JB",,cca-mocf@gov.in,https://chemicals.gov.in/who-who
Department of Chemicals and Petro-Chemicals (DoCP),https://chemicals.gov.in,,Shri Viney Kumar,PS to CCA/CA,"703 A,7th Floor,JB",23323948/43,vineykumar.shunty@gov.in,https://chemicals.gov.in/who-who
Department of Chemicals and Petro-Chemicals (DoCP),https://chemicals.gov.in,,Dr. Sachin Bhadane,CA,"703 A,7th Floor,JB",,sachin.bhadane@gov.in,https://chemicals.gov.in/who-who
Department of Chemicals and Petro-Chemicals (DoCP),https://chemicals.gov.in,,Sh. Atul Bhatnagar,Sr.AO (Admin.),"703 A,7th Floor,JB",,atul.bhatnagar@nic.in,https://chemicals.gov.in/who-who
Department of Chemicals and Petro-Chemicals (DoCP),https://chemicals.gov.in,,Shri Rajesh Kumar,AAO,,,,https://chemicals.gov.in/who-who
Department of Chemicals and Petro-Chemicals (DoCP),https://chemicals.gov.in,,Shri Virender Singh,PAO,,,,https://chemicals.gov.in/who-who
Department of Chemicals and Petro-Chemicals (DoCP),https://chemicals.gov.in,,Shri Hari Shankar Bhardwaj,Protocol Officer,434 C,,hari.shankar27@gov.in,https://chemicals.gov.in/who-who
Department of Chemicals and Petro-Chemicals (DoCP),https://chemicals.gov.in,,Shri Manoj Kumar Singh,Co-ordination,342 A,,mk.singh73@gov.in,https://chemicals.gov.in/who-who
Department of Chemicals and Petro-Chemicals (DoCP),https://chemicals.gov.in,,Shri Satish Kumar,Stationery - In-charge,434 C,,skumar.dcp@nic.in,https://chemicals.gov.in/who-who
Department of Chemicals and Petro-Chemicals (DoCP),https://chemicals.gov.in,,Sunny,Hardware (Technical),434 C,,,https://chemicals.gov.in/who-who
Department of Chemicals and Petro-Chemicals (DoCP),https://chemicals.gov.in,,Shri Satpal Singh,Ronio Cell,Ground Floor D Wing,,dcp227@nic.in,https://chemicals.gov.in/who-who
Department of Chemicals and Petro-Chemicals (DoCP),https://chemicals.gov.in,,Shri Surendra Meena,Parliament Asst.,342,,pqcandf@nic.in,https://chemicals.gov.in/who-who
Department of Chemicals and Petro-Chemicals (DoCP),https://chemicals.gov.in,,Shastri Bhawan,Reception Officer,Reception Near Entry Gate,,,https://chemicals.gov.in/who-who
Department of Chemicals and Petro-Chemicals (DoCP),https://chemicals.gov.in,,CPWD (Civil) CPWD (Electrical),,,23389797 23384265,,https://chemicals.gov.in/who-who
Department of Chemicals and Petro-Chemicals (DoCP),https://chemicals.gov.in,,Shastri Bhawan,Central Registry,239A,,,https://chemicals.gov.in/who-who
Department of Chemicals and Petro-Chemicals (DoCP),https://chemicals.gov.in,,Dr. Shishir Sinha,DG (CIPET),,044-22253040,shishir@cipet.gov.in dgoffice@cipet.gov.in,https://chemicals.gov.in/who-who
Department of Chemicals and Petro-Chemicals (DoCP),https://chemicals.gov.in,,D. Yaso Venkatesh,Sr. PS to DG (CIPET),,044-22254780,dgoffice@cipet.gov.in,https://chemicals.gov.in/who-who
Department of Chemicals and Petro-Chemicals (DoCP),https://chemicals.gov.in,,Shri Dr. M.K.Reddy Mudiam,Director (IPFT),,,director@ipft.gov.in,https://chemicals.gov.in/who-who
Department of Chemicals and Petro-Chemicals (DoCP),https://chemicals.gov.in,,Shri Sanjay Gandhi,PS,,0124-234275,,https://chemicals.gov.in/who-who
Department of Chemicals and Petro-Chemicals (DoCP),https://chemicals.gov.in,,Shri Sajeev B,CMD HOCL,Kochi,,cmd@hoclindia.gov.in,https://chemicals.gov.in/who-who
Department of Chemicals and Petro-Chemicals (DoCP),https://chemicals.gov.in,,Shri Sajeev B,MD (HFL) (Addl. Charge),Kochi,,cmd@hocl.gov.in,https://chemicals.gov.in/who-who
Department of Chemicals and Petro-Chemicals (DoCP),https://chemicals.gov.in,,Shri Y.P. Shukla,"Dir. (Fin.), HOCL",Mumbai,022-27575267,dir.fin@hoclindia.com,https://chemicals.gov.in/who-who
Department of Chemicals and Petro-Chemicals (DoCP),https://chemicals.gov.in,,Shri Kuldeep Singh,CMD (HIL),New Delhi,011-24362165,cmd@hil.gov.in,https://chemicals.gov.in/who-who
Department of Chemicals and Petro-Chemicals (DoCP),https://chemicals.gov.in,,Shri Srinivasa Raju,"Dir. (Fin.), HIL (India) Ltd.",New Delhi,,df@hil.gov.in,https://chemicals.gov.in/who-who
Department of Consumer Affairs (DoCA),https://doca.gov.in,,Sh. Pralhad Joshi,"Hon'ble Minister of Consumer Affairs, Food and Public Distribution and Minister of New and Renewable Energy",179,23070637 23070642 23386098 (Fax),minister-ca@nic.in,https://consumeraffairs.gov.in/pages/whos-who
Department of Consumer Affairs (DoCA),https://doca.gov.in,,"Sh. Nagesh Kumar B, IAS",PS to Hon'ble Minister,180-B,23387885 23070637 23070642,mocafpd-office@gov.in,https://consumeraffairs.gov.in/pages/whos-who
Department of Consumer Affairs (DoCA),https://doca.gov.in,,Sh. Narayan R Gambhir,OSD to Hon’ble Minister,178,,mocafpd-office@gov.in,https://consumeraffairs.gov.in/pages/whos-who
Department of Consumer Affairs (DoCA),https://doca.gov.in,,"Shri H.L. Guru Prasad, IIS",OSD to Hon’ble Minister,160,23070637 23070642 23386098 (Fax),osdtominister-cafpd@gov.in,https://consumeraffairs.gov.in/pages/whos-who
Department of Consumer Affairs (DoCA),https://doca.gov.in,,"Sh. Rahul Raichur, IRS",PS to Hon'ble Minister,180- A,23070637 23070642,mocafpd-office@gov.in,https://consumeraffairs.gov.in/pages/whos-who
Department of Consumer Affairs (DoCA),https://doca.gov.in,,Sh. Mallikarjunagouda Patil,Additional PS to Hon’ble Minister Constitiuency,180,+91-8362251055 (Hubli),patil.nimmav@gmail.com,https://consumeraffairs.gov.in/pages/whos-who
Department of Consumer Affairs (DoCA),https://doca.gov.in,,Sh. Prithviraj Nath,APS to Hon'ble Minister,180,23070637 23070642,mocafpd-office@gov.in,https://consumeraffairs.gov.in/pages/whos-who
Department of Consumer Affairs (DoCA),https://doca.gov.in,,Sh. Raghavendra Amruth Yarakad,1st PA to Hon'ble Minister (Constituency),180,+91-8362251055 (Hubli),raghuyarakad@gmail.com,https://consumeraffairs.gov.in/pages/whos-who
Department of Consumer Affairs (DoCA),https://doca.gov.in,,Sh. Shankrappa Walikar,2nd PA to Hon'ble Minister,180,23070637 23070642,mocafpd-office@gov.in,https://consumeraffairs.gov.in/pages/whos-who
Department of Consumer Affairs (DoCA),https://doca.gov.in,,Sh. J. Vinod Kumar,Hindi PA to Hon’ble Minister,180,,mocafpd-office@gov.in,https://consumeraffairs.gov.in/pages/whos-who
Department of Consumer Affairs (DoCA),https://doca.gov.in,,Personal Section,Personal Section of Hon'ble Minister,181 & 186,23070637 23070642 23387885 23386098 (Fax),mocafpd-office@gov.in,https://consumeraffairs.gov.in/pages/whos-who
Department of Consumer Affairs (DoCA),https://doca.gov.in,,Visitor's Room of Hon'ble Minister,,182B,,,https://consumeraffairs.gov.in/pages/whos-who
Department of Consumer Affairs (DoCA),https://doca.gov.in,,Sh. B. L. Verma,"Hon’ble Minister of State for Ministry of Consumer Affairs, Food and Public Distribution and Ministry of Social Justice and Empowerment.",456-B,23070650 23070651,mosoffice-ca@gov.in,https://consumeraffairs.gov.in/pages/whos-who
Department of Consumer Affairs (DoCA),https://doca.gov.in,,Dr Satyendra Kumar Nayak,"Additional PS to Hon'ble MOS (CA, F&PD)",262,23070650 23070651,satyendra.nayak@nic.in,https://consumeraffairs.gov.in/pages/whos-who
Department of Consumer Affairs (DoCA),https://doca.gov.in,,Shri Alok Kumar Rai,1st PA to Hon'ble MoS,264 -A,23070650 23070651,mosoffice-ca@gov.in,https://consumeraffairs.gov.in/pages/whos-who
Department of Consumer Affairs (DoCA),https://doca.gov.in,,Personal Staff,Office of MoS,263,23070650 23070651,,https://consumeraffairs.gov.in/pages/whos-who
Department of Consumer Affairs (DoCA),https://doca.gov.in,,Smt. Nimuben Jayantibhai Bambhaniya,"Hon’ble Minister of State for Ministry of Consumer Affairs, Food and Public Distribution.",173,23380630 23380631 23380632(Fax),mos.cafpd@nic.in,https://consumeraffairs.gov.in/pages/whos-who
Department of Consumer Affairs (DoCA),https://doca.gov.in,,"Jagriti Rohit Singla, IRTS","PS to MOS(CA,F&PD)",174,23380630 23380631 23380632(Fax),jagriti.singla@gov.in,https://consumeraffairs.gov.in/pages/whos-who
Department of Consumer Affairs (DoCA),https://doca.gov.in,,Khushbuben H Suthar,"Addl. PS to MoS(CA,F&PD)",265,23380630 23380631 23380632(Fax),khushbu.suthar@gov.in,https://consumeraffairs.gov.in/pages/whos-who
Department of Consumer Affairs (DoCA),https://doca.gov.in,,Smt. Nidhi Khare,Secretary (CA),49,23782807 23070121 23384716(Fax),Secy-ca@nic.in,https://consumeraffairs.gov.in/pages/whos-who
Department of Consumer Affairs (DoCA),https://doca.gov.in,,Sh. Jitender Bhagat,Principal Staff Officer to Secretary (CA),49-A,23782807 23070121,secy-ca@nic.in,https://consumeraffairs.gov.in/pages/whos-who
Department of Consumer Affairs (DoCA),https://doca.gov.in,,Sh. J S Mann,Principal Private Secretary,49-A,23782807 23070121,secy-ca@nic.in,https://consumeraffairs.gov.in/pages/whos-who
Department of Consumer Affairs (DoCA),https://doca.gov.in,,Ms. Aparna Bhatia,Additional Secretary & Financial Adviser,264,23384418 23388523(Fax),asfa.fpd@nic.in,https://consumeraffairs.gov.in/pages/whos-who
Department of Consumer Affairs (DoCA),https://doca.gov.in,,Sh. C.M. Singh,Sr. PPS to AS&FA,266,23384418 23388523(Fax),asfa.fpd@nic.in,https://consumeraffairs.gov.in/pages/whos-who
Department of Consumer Affairs (DoCA),https://doca.gov.in,,Sh. Anupam Mishra,Additional Secretary,365-A,23386666 23386322(Fax),as-ca1@gov.in,https://consumeraffairs.gov.in/pages/whos-who
Department of Consumer Affairs (DoCA),https://doca.gov.in,,SHRI B C Lohumi,PPS to Additional Secretary,365,23386666 23386322(Fax),bc.lohumi@nic.in,https://consumeraffairs.gov.in/pages/whos-who
Department of Consumer Affairs (DoCA),https://doca.gov.in,,Mrs. Richa Misra,Additional Secretary (CA),270,23383027 23386575(Fax),as-ca@nic.in,https://consumeraffairs.gov.in/pages/whos-who
Department of Consumer Affairs (DoCA),https://doca.gov.in,,Smt. Mamta Madan,Sr. PPS to Additional Secretary (CA),255,23383027 23386575(Fax),as-ca@nic.in,https://consumeraffairs.gov.in/pages/whos-who
Department of Consumer Affairs (DoCA),https://doca.gov.in,,Sh. Ganesh Chandra Rao Sahu,Sr. PPS to Additional Secretary (CA),255,23383027 23386575(Fax),as-ca@nic.in,https://consumeraffairs.gov.in/pages/whos-who
Department of Consumer Affairs (DoCA),https://doca.gov.in,,Shri Amit Ray,Senior Economic Adviser,486-A,,srea-ca@nic.in,https://consumeraffairs.gov.in/pages/whos-who
Department of Consumer Affairs (DoCA),https://doca.gov.in,,Smt. Alka Gulati,Principal Private Secretary to Sr. EA,486-C Krishi Bhawan,,alka.g14@nic.in,https://consumeraffairs.gov.in/pages/whos-who
Department of Consumer Affairs (DoCA),https://doca.gov.in,,Dr. Kamkhenthang Guite,Economic Advisor,485-A,23386857 23387245(Fax),"ea-ca@nic.in, guite@nic.in",https://consumeraffairs.gov.in/pages/whos-who
Department of Consumer Affairs (DoCA),https://doca.gov.in,,Sh. Shashi Bhushan,Adviser (cost),468,,shashibhushan.icoas@nic.in,https://consumeraffairs.gov.in/pages/whos-who
Department of Consumer Affairs (DoCA),https://doca.gov.in,,Ms. Anju Arora,PPS to Adviser (Cost),366-A Krishi Bhawan,,anju.arora@nic.in,https://consumeraffairs.gov.in/pages/whos-who
Department of Consumer Affairs (DoCA),https://doca.gov.in,,Jenny Kiloung,Chief Controller of Accounts (CCA),280-B,,cca-ca@nic.in,https://consumeraffairs.gov.in/pages/whos-who
Department of Consumer Affairs (DoCA),https://doca.gov.in,,Ms. Uma Birdi,PS to CCA,276-A,,umabirdi.edu@nic.in,https://consumeraffairs.gov.in/pages/whos-who
Department of Consumer Affairs (DoCA),https://doca.gov.in,,S. Sasikumar,Director (Price Monitoring Division),546-C Krishi Bhawan,,sasikumar.s@gov.in,https://consumeraffairs.gov.in/pages/whos-who
Department of Consumer Affairs (DoCA),https://doca.gov.in,,Mitali Namchoom,"Director (BIS, Publicity)",370,,dirbis-ca@gov.in,https://consumeraffairs.gov.in/pages/whos-who
Department of Consumer Affairs (DoCA),https://doca.gov.in,,Ruchi Sharma,Director (Price Monitoring Division),461 Krishi Bhawan,,ruchi.sharma@nic.in,https://consumeraffairs.gov.in/pages/whos-who
Department of Consumer Affairs (DoCA),https://doca.gov.in,,Shri Prashant Dubey,"Director (National Testing House , NCH and Public Grievance)",372B,,dsnch-ca@nic.in,https://consumeraffairs.gov.in/pages/whos-who
Department of Consumer Affairs (DoCA),https://doca.gov.in,,Sh. Ashok Kumar,Director (General Section and Cash),374 Krishi Bhawan,,ashok.smpark31@gov.in,https://consumeraffairs.gov.in/pages/whos-who
Department of Consumer Affairs (DoCA),https://doca.gov.in,,Ms. Swwarupa Saraan,Director (Consumer Welfare Fund and Official Langauage),464-C,,swwarupa.saraan@nic.in,https://consumeraffairs.gov.in/pages/whos-who
Department of Consumer Affairs (DoCA),https://doca.gov.in,,Sh. Pramod Kumar Sahoo,"Director (Establishment, Cooperation and Parliament & Coordination)",371,,pk.sahoo@nic.in,https://consumeraffairs.gov.in/pages/whos-who
Department of Consumer Affairs (DoCA),https://doca.gov.in,,Sh. Ashutosh Agarwal,Director (Legal Metrology),461-A,,"ashutosh.agarwal13@nic.in, dirwm-ca@nic.in",https://consumeraffairs.gov.in/pages/whos-who
Department of Consumer Affairs (DoCA),https://doca.gov.in,,Shri. Shailendra Kureel,"Deputy Secretary (IFD, Budget)",555-A,,shailendra.kureel@nic.in,https://consumeraffairs.gov.in/pages/whos-who
Department of Consumer Affairs (DoCA),https://doca.gov.in,,Sh. Pradip Kumar,"Deputy Secretary (ECR&E, Vigilance and Emblem & Names)",251 Krishi Bhawan,,Pradip.kumar@nic.in,https://consumeraffairs.gov.in/pages/whos-who
Department of Consumer Affairs (DoCA),https://doca.gov.in,,Sh. Amrish Kumar,"DS(CPU including e-jagriti, CCPA)",456,,amrish.kumar@nic.in,https://consumeraffairs.gov.in/pages/whos-who
Department of Consumer Affairs (DoCA),https://doca.gov.in,,Supriya Malik,Joint Director (Price Monitoring Division),368,,supriya.malik@gov.in,https://consumeraffairs.gov.in/pages/whos-who
Department of Consumer Affairs (DoCA),https://doca.gov.in,,Smt. K Mahendran,"Under Secretary (CCPA, NCH)",456-A,,k.mahendran66@gov.in,https://consumeraffairs.gov.in/pages/whos-who
Department of Consumer Affairs (DoCA),https://doca.gov.in,,Sh. Prasan Kumar Nanda,Under Secretary (Integrated Finance & Budget),253,,prasan.nanda@gov.in,https://consumeraffairs.gov.in/pages/whos-who
Department of Consumer Affairs (DoCA),https://doca.gov.in,,Sh. Baldev Singh,Under Secretary (BIS),466-A,,usbis-ca@gov.in,https://consumeraffairs.gov.in/pages/whos-who
Department of Consumer Affairs (DoCA),https://doca.gov.in,,Sh. Giridhar Kumar,Under Secretary (P&C/O&M/ RTI/ E-GOV/ Emblem & Name),"253, Kirshi Bhawan",,uspc-ca@nic.in,https://consumeraffairs.gov.in/pages/whos-who
Department of Consumer Affairs (DoCA),https://doca.gov.in,,Sh. Bal Krishna Thakur,Under Secretary (Establishment and General Administration),374-A,,usestt-ca@nic.in,https://consumeraffairs.gov.in/pages/whos-who
Department of Consumer Affairs (DoCA),https://doca.gov.in,,Sh. Manoj Kumar Naik,Deputy Director (LM),375,,mk.naik72@gov.in,https://consumeraffairs.gov.in/pages/whos-who
Department of Consumer Affairs (DoCA),https://doca.gov.in,,Dr. Sadhana Srivastava,Deputy Director (PMD),486-B,,sadhana.s@nic.in,https://consumeraffairs.gov.in/pages/whos-who
Department of Consumer Affairs (DoCA),https://doca.gov.in,,Sh. Gaya Lal,Under Secretary (Cash),12/2 Jamnagar House,,gaya.lal17@gov.in,https://consumeraffairs.gov.in/pages/whos-who
Department of Consumer Affairs (DoCA),https://doca.gov.in,,Smt SARITA,"Under Secretary (CPU, CONFONET)",466-A,,uscpu-ca@nic.in,https://consumeraffairs.gov.in/pages/whos-who
Department of Consumer Affairs (DoCA),https://doca.gov.in,,Sh. Md. Aamir,Under Secretary (National Test House & Cooperation),12/2 Jamnagar House,,aamir.edu@nic.in,https://consumeraffairs.gov.in/pages/whos-who
Department of Consumer Affairs (DoCA),https://doca.gov.in,,Sh. Vikash Kumar,Under Secretary (Publicity & ECR&E),373-B,,vikash.kumar80@nic.in,https://consumeraffairs.gov.in/pages/whos-who
Department of Consumer Affairs (DoCA),https://doca.gov.in,,Sh. Amit Kumar,Under Secretary (Consumer Welfare Fund & Vigilance),373-B,,amit.kmr23@gov.in,https://consumeraffairs.gov.in/pages/whos-who
Department of Consumer Affairs (DoCA),https://doca.gov.in,,Ms. Parul Yadav,Deputy Director (PMD),486-B,,parulsaroj.yadav0908@gov.in,https://consumeraffairs.gov.in/pages/whos-who
Department of Consumer Affairs (DoCA),https://doca.gov.in,,Ms. Aarti,Assistant Director (Cost),567-A,,aarti.aac11@nic.in,https://consumeraffairs.gov.in/pages/whos-who
Department of Consumer Affairs (DoCA),https://doca.gov.in,,Official Language,Official Language,391,,adol-ca@nic.in,https://consumeraffairs.gov.in/pages/whos-who
Department of Consumer Affairs (DoCA),https://doca.gov.in,,Ms. Muskan Jain,Assistant Director (PMD),366-B Krishi Bhawan,,jain.muskan@gov.in,https://consumeraffairs.gov.in/pages/whos-who
Department of Consumer Affairs (DoCA),https://doca.gov.in,,Ms. Shivani Goyal,Assistant Director (Cost),567-A,,goyal.shivani@gov.in,https://consumeraffairs.gov.in/pages/whos-who
Department of Consumer Affairs (DoCA),https://doca.gov.in,,Sh. Bipin Sharma,Assistant Director (LM),375,,bipin.sharma77@nic.in,https://consumeraffairs.gov.in/pages/whos-who
Department of Consumer Affairs (DoCA),https://doca.gov.in,,Ms Radhika Goyal,Assistant Director (PMD),,,radhika.g1369@gov.in,https://consumeraffairs.gov.in/pages/whos-who
Department of Consumer Affairs (DoCA),https://doca.gov.in,,Sh. Amit Kumar,Section officer (P&C/O&M/ RTI/ E-GOV),259,,sopc-ca@nic.in,https://consumeraffairs.gov.in/pages/whos-who
Department of Consumer Affairs (DoCA),https://doca.gov.in,,Sh. Udit,Section Officer (CPU),567-A,,socpu-ca@nic.in,https://consumeraffairs.gov.in/pages/whos-who
Department of Consumer Affairs (DoCA),https://doca.gov.in,,Sh. Abhinav Kumar,Section Officer (Vigilance),458,,sovig-ca@nic.in,https://consumeraffairs.gov.in/pages/whos-who
Department of Consumer Affairs (DoCA),https://doca.gov.in,,Sh. Vijay Kumar,Section Officer CPU (CONFONET & E-Daakhil),567-A,,vijay.ranga24@gov.in,https://consumeraffairs.gov.in/pages/whos-who
Department of Consumer Affairs (DoCA),https://doca.gov.in,,Smt. Anita Kadyan,Section Officer (ECR&E),376-C Krishi Bhawan,,anita.kadyan@gov.in,https://consumeraffairs.gov.in/pages/whos-who
Department of Consumer Affairs (DoCA),https://doca.gov.in,,Sh. Nitesh Goel,Section Officer (Establishment),464-B,,soestt-ca@nic.in,https://consumeraffairs.gov.in/pages/whos-who
Department of Consumer Affairs (DoCA),https://doca.gov.in,,Sh. Naval Kishore,"Section officer (Cooperation, Library, Protocol)","12/2, Jamnagar House",,naval.kishore70@gov.in,https://consumeraffairs.gov.in/pages/whos-who
Department of Consumer Affairs (DoCA),https://doca.gov.in,,Sh. Prashant Chaudhary,Section Officer (Publicity),Basement,,ddpub1-ca@nic.in,https://consumeraffairs.gov.in/pages/whos-who
Department of Consumer Affairs (DoCA),https://doca.gov.in,,Sh. Kumar Anand,Section Officer (NCH),383,,sonch-ca@gov.in,https://consumeraffairs.gov.in/pages/whos-who
Department of Consumer Affairs (DoCA),https://doca.gov.in,,Sh. Pritam Singh,Section Officer (IFD),383,,pritam.singh40@gov.in,https://consumeraffairs.gov.in/pages/whos-who
Department of Consumer Affairs (DoCA),https://doca.gov.in,,Sh. Abhishek Kumar,Section Officer (BIS),562-A,,sobis-ca@nic.in,https://consumeraffairs.gov.in/pages/whos-who
Department of Consumer Affairs (DoCA),https://doca.gov.in,,Sh. Abinash Chandra Kumar,SECTION OFFICER (DDO CASH & Emblems & Name),470 Krishi Bhawan,,avinash.ck@gov.in,https://consumeraffairs.gov.in/pages/whos-who
Department of Consumer Affairs (DoCA),https://doca.gov.in,,Sh. Dharam Prakash,Senior Statistical Officer (Price Monitoring Division),546,,dharam.prakash@gov.in,https://consumeraffairs.gov.in/pages/whos-who
Department of Consumer Affairs (DoCA),https://doca.gov.in,,Sh. Anurag Kumar Mishra,Section Officer (CCPA),456-A Krishi Bhawan,,mishra.anurag@gov.in,https://consumeraffairs.gov.in/pages/whos-who
Department of Consumer Affairs (DoCA),https://doca.gov.in,,Sh. Vaibhav Madan,Section Officer (NTH),12/2 Jamnagar House,,vaibhav.madan@nic.in,https://consumeraffairs.gov.in/pages/whos-who
Department of Consumer Affairs (DoCA),https://doca.gov.in,,Sh. Aridaman Singh Parihar,Sr. Account Officer (Budget),566 Krishi Bhawan,,as.paihar@gov.in,https://consumeraffairs.gov.in/pages/whos-who
Department of Consumer Affairs (DoCA),https://doca.gov.in,,Mrs. Vishakha Raghuwanshi,Senior Statistical Officer (Price Monitoring Division),546-A,,v.raghuwanshi@nic.in,https://consumeraffairs.gov.in/pages/whos-who
Department of Consumer Affairs (DoCA),https://doca.gov.in,,Shri Manjeet Singh,Section Officer (General Admin.),373-A,,sogen-ca@nic.in,https://consumeraffairs.gov.in/pages/whos-who
Department of Consumer Affairs (DoCA),https://doca.gov.in,,Ms. Meghna Goel,Section Officer (CPU),567-A,,meghna.goel@gov.in,https://consumeraffairs.gov.in/pages/whos-who
Department of Consumer Affairs (DoCA),https://doca.gov.in,,Sh. Suyash Pratap Singh,Section Officer (CWF & PG),"383, Krishi Bhawan",,suyash.pratap@gov.in,https://consumeraffairs.gov.in/pages/whos-who
Department of Consumer Affairs (DoCA),https://doca.gov.in,,Shri Mukesh Kumar,Section officer (BIS),"562-A, Krishi Bhawan",,sobis-ca@nic.in,https://consumeraffairs.gov.in/pages/whos-who
Department of Consumer Affairs (DoCA),https://doca.gov.in,,Shri Amit,Section Officer (CPU),567-A,,socpu-ca@nic.in,https://consumeraffairs.gov.in/pages/whos-who
Department of Consumer Affairs (DoCA),https://doca.gov.in,,R&I Cell,,"50, Krishi Bhawan",,,https://consumeraffairs.gov.in/pages/whos-who
Department of Consumer Affairs (DoCA),https://doca.gov.in,,Shri Amit Kumar,Assistant Accounts Officer,373-A,,goyal.amit@gov.in,https://consumeraffairs.gov.in/pages/whos-who
Department of Consumer Affairs (DoCA),https://doca.gov.in,,Smt. Santosh Rana,Sr. Accounts Officer,"12/A, Jamnagar House",,santoshrana.17@gov.in,https://consumeraffairs.gov.in/pages/whos-who
Department of Consumer Affairs (DoCA),https://doca.gov.in,,Smt. Pinki Bisla,Sr. Account Officer,470,,pinkidahiya.17@gov.in,https://consumeraffairs.gov.in/pages/whos-who
Department of Consumer Affairs (DoCA),https://doca.gov.in,,Sh. Deepankar Mudgal,Assistant Account Officer,566,,deepangar.mudgal@bsf.nic.in,https://consumeraffairs.gov.in/pages/whos-who
Department of Consumer Affairs (DoCA),https://doca.gov.in,,Sh. Parasmani,Assistant Account Officer,464-B,,parasmani.thakur80@gov.in,https://consumeraffairs.gov.in/pages/whos-who
Department of Consumer Affairs (DoCA),https://doca.gov.in,,Shri Achintya Gupta,Joint Director (IT),546-B,,achintya.gupta@nic.in,https://consumeraffairs.gov.in/pages/whos-who
Department of Consumer Affairs (DoCA),https://doca.gov.in,,NIC contact No. for Internet complaints,,208,23381789 1800 111 555,,https://consumeraffairs.gov.in/pages/whos-who
Department of Consumer Affairs (DoCA),https://doca.gov.in,,Deputy Director General,Deputy Director General,"2nd Floor, A-Block, CGO Complex",,,https://consumeraffairs.gov.in/pages/whos-who
Department of Defence (DoD),https://www.mod.gov.in/dod,,Shri Rajnath Singh,Raksha Mantri (Defence Minister),,"24014501, 24014502 (Office) 23793881(R), 23014184(R)",rmo@mod.nic.in,https://www.mod.gov.in/dod/en/whos-who
Department of Defence (DoD),https://www.mod.gov.in/dod,,"Shri Amit Kishore, IAS (UP: 2011)",Private Secretary to RM,,"24014501, 24014502 (Office)",rmo@mod.nic.in,https://www.mod.gov.in/dod/en/whos-who
Department of Defence (DoD),https://www.mod.gov.in/dod,,Shri Krishnendra Pratap Singh,OSD to Raksha Mantri,,"24014501, 24014502 (Office)",NA,https://www.mod.gov.in/dod/en/whos-who
Department of Defence (DoD),https://www.mod.gov.in/dod,,Shri Prabhat Kumar Tripathi,OSD to Raksha Mantri,,"24014501, 24014502 (Office)",NA,https://www.mod.gov.in/dod/en/whos-who
Department of Defence (DoD),https://www.mod.gov.in/dod,,Shri Amarendra Tiwari,Additional Private Secretary to Raksha Mantri,,"24014501, 24014502 (Office)",NA,https://www.mod.gov.in/dod/en/whos-who
Department of Defence (DoD),https://www.mod.gov.in/dod,,Shri Sanjay Seth,Raksha Rajya Mantri (Minister of State for Defence),,24014508(Office) 23310353 (R),mos-defence@gov.in,https://www.mod.gov.in/dod/en/whos-who
Department of Defence (DoD),https://www.mod.gov.in/dod,,Shri Ujjwal Kumar,PS to Raksha Rajya Mantri,,24014510 (Office),mos-defence@gov.in,https://www.mod.gov.in/dod/en/whos-who
Department of Defence (DoD),https://www.mod.gov.in/dod,,Shri Jitendra Nath Mahato,Additional PS to Raksha Rajya Mantri,,"24014508, 24014509(Office)",mos-defence@gov.in,https://www.mod.gov.in/dod/en/whos-who
Department of Defence (DoD),https://www.mod.gov.in/dod,,Shri K.P. Balyan,APS to Raksha Rajya Mantri,,"24014508, 24014509(Office)",mos-defence@gov.in,https://www.mod.gov.in/dod/en/whos-who
Department of Defence (DoD),https://www.mod.gov.in/dod,,Shri Kumar Vivekanand,1st PA to Raksha Rajya Mantri,,"24014508, 24014509(Office)",mos-defence@gov.in,https://www.mod.gov.in/dod/en/whos-who
Department of Defence (DoD),https://www.mod.gov.in/dod,,"Shri Rajesh Kumar Singh, IAS (KL: 1989)","Defence Secretary, Secretary DDR&D and Chairman DRDO(additional Charge)",,"24014513, 24014515, 24014516",defsecy@nic.in,https://www.mod.gov.in/dod/en/whos-who
Department of Defence (DoD),https://www.mod.gov.in/dod,,Shri Amar Singh Chauhan,Sr. PPS to Defence Secretary,,"24014513 , 24014515 24014516",NA,https://www.mod.gov.in/dod/en/whos-who
Department of Defence (DoD),https://www.mod.gov.in/dod,,Shri Prem Singh Raghuvanshi,OSD to Defence Secretary,,"24014513 , 24014515 24014516",NA,https://www.mod.gov.in/dod/en/whos-who
Department of Defence (DoD),https://www.mod.gov.in/dod,,Shri Muthuthevar Kannan,PPS to Defence Secretary,,"24014513 , 24014515 24014516",NA,https://www.mod.gov.in/dod/en/whos-who
Department of Defence (DoD),https://www.mod.gov.in/dod,,"Smt. Dipti Mohil Chawla, (IDAS: 1995)",Additional Secretary,,,addlsecy-mod@gov.in,https://www.mod.gov.in/dod/en/whos-who
Department of Defence (DoD),https://www.mod.gov.in/dod,,"Shri Rakesh Mittal, (IDES: 1995)",Additional Secretary,,,addlsecy-r@gov.in,https://www.mod.gov.in/dod/en/whos-who
Department of Defence (DoD),https://www.mod.gov.in/dod,,"Shri A. Anbarasu, IAS (AGMUT:1996)",Additional Secretary & DG (Acquisition),,"24014456, 24014457 (Office of DG Acq)",dgacq-mod@nic.in,https://www.mod.gov.in/dod/en/whos-who
Department of Defence (DoD),https://www.mod.gov.in/dod,,"Shri Manish Tripathi, IDAS (1998)",Additional Secretary,,"24014521, 24014522",addlsecymt-mod@gov.in,https://www.mod.gov.in/dod/en/whos-who
Department of Defence (DoD),https://www.mod.gov.in/dod,,"Shri Rajneesh Kumar Tomar, (IRSME: 1998)",CVO (MES & BRO),,23010161 (Office),cvo-mod@gov.in,https://www.mod.gov.in/dod/en/whos-who
Department of Defence (DoD),https://www.mod.gov.in/dod,,"Shri Satyajit Mohanty, IRS (C & IT : 1999)",Joint Secretary (Armed Forces; Defence Policy & Planning; CISO),,"24014568, 24014569 (Office)",jsaf-mod@gov.in,https://www.mod.gov.in/dod/en/whos-who
Department of Defence (DoD),https://www.mod.gov.in/dod,,"Dr. Shailesh Kumar Chourasia, IAS (MN:2007)",Joint Secretary & AM (Air),,"24014458, 24014459 (Office)",ama@nic.in,https://www.mod.gov.in/dod/en/whos-who
Department of Defence (DoD),https://www.mod.gov.in/dod,,"Shri Amitabh Prasad, (IA&AS) : 2001","Joint Secretary (IC/AP), Ceremonial & CAO",,"24014491,24014492 (Office)",prasada@cag.gov.in ic-mod@gov.in,https://www.mod.gov.in/dod/en/whos-who
Department of Defence (DoD),https://www.mod.gov.in/dod,,Shri Amit Shivkumar Telang (IFS:2005),Joint Secretary (lnternational Cooperation),,"24014497,24014498 (Office)",jspic@nic.in,https://www.mod.gov.in/dod/en/whos-who
Department of Defence (DoD),https://www.mod.gov.in/dod,,"Shri Dinesh Kumar, IAS (NL 2004)",Joint Secretary & AM (MS),,"24014460,24014461(Office)",jsamms-mod@gov.in,https://www.mod.gov.in/dod/en/whos-who
Department of Defence (DoD),https://www.mod.gov.in/dod,,Shri Vinod Kumar (IRSME: 1998),Joint Secretary & AM (LS),,"24014462, 24014463 (Office)",amls@nic.in,https://www.mod.gov.in/dod/en/whos-who
Department of Defence (DoD),https://www.mod.gov.in/dod,,Shri S.G.P. Verghese,Joint Secretary (Coord/Trg/M&SS),,"24014559, 24014560 (Office)",jscoord-mod@nic.in,https://www.mod.gov.in/dod/en/whos-who
Department of Defence (DoD),https://www.mod.gov.in/dod,,"Ms. Preeti Meena, IAS (TG: 2010)","Joint Secretary (Land, Works & BR-II)",,"24014523, 24014524 (Office)",--,https://www.mod.gov.in/dod/en/whos-who
Department of Defence (DoD),https://www.mod.gov.in/dod,,Shri Jitendar Kumar Mehan,Joint Secretary (AF/Org)/MoD Fin,,,dirn2-mod@nic.in,https://www.mod.gov.in/dod/en/whos-who
Department of Defence (DoD),https://www.mod.gov.in/dod,,"Rear Admiral P.A.A.R. Sadiq, NM",Additional Director General Acquisition Technical (Maritime & Systems),,21411707 (Office),tmms-modacq@navy.gov.in,https://www.mod.gov.in/dod/en/whos-who
Department of Defence (DoD),https://www.mod.gov.in/dod,,AVM GK Mohan AVSM,Additional Director General Acquisition Technical (Air),,23012068(Office),awingair-mod@nic.in,https://www.mod.gov.in/dod/en/whos-who
Department of Defence (DoD),https://www.mod.gov.in/dod,,Maj Gen Tarun Agrawal AVSM,Additional Director General Acquisition Technical (Army),,21410320 (Office),tmls-mod@nic.in,https://www.mod.gov.in/dod/en/whos-who
Department of Defence (DoD),https://www.mod.gov.in/dod,,Shri Apurva Chandra (Retd. IAS),Principal Advisor,,23011068/69,NA,https://www.mod.gov.in/dod/en/whos-who
Department of Defence (DoD),https://www.mod.gov.in/dod,,"Shri Vishvajit Sahay, IDAS(1990)",Secretary (Defence Finance),,"24014402, 24014403 (Office)",fads1-mod@gov.in,https://www.mod.gov.in/dod/en/whos-who
Department of Defence (DoD),https://www.mod.gov.in/dod,,"Shri Ghanashyam Sahu, ICoAS (1998)",Principal Adviser (Cost),,"24014406, 24014407 (Office)",g.sahu@nic.in,https://www.mod.gov.in/dod/en/whos-who
Department of Defence (DoD),https://www.mod.gov.in/dod,,"Dr. Ishita Ganguli Tripathy, IES (1999)",Additional Financial Advisor (IGT) & JS,,"24014414, 24014415 (Office)",addl.fa1-dod@gov.in,https://www.mod.gov.in/dod/en/whos-who
Department of Defence (DoD),https://www.mod.gov.in/dod,,"Shri Eddie Lalrinliana Khawlhring, (ICAS: 1995)",Additional Financial Advisor (EL) & JS,,"24014412, 24014413 (Office)",el.khawlhring@gov.in,https://www.mod.gov.in/dod/en/whos-who
Department of Defence (DoD),https://www.mod.gov.in/dod,,"Shri Sanjay Kumar, IA&AS (1995)",Additional Financial Advisor (SK) & JS,,"24014410,24014411 (Office)",sanjaykumar.67@gov.in,https://www.mod.gov.in/dod/en/whos-who
Department of Defence (DoD),https://www.mod.gov.in/dod,,"Shri Ajeet Kumar Srivastava, IRAS (1999)",Additional Financial Advisor (AKS) & JS,,"23013557, 23010159 (Office)",--,https://www.mod.gov.in/dod/en/whos-who
Department of Defence (DoD),https://www.mod.gov.in/dod,,"Shri Amitabh Ranjan Sinha, IP&TA&FS (1998)",Additional Financial Advisor (AR) & JS,,"24014408,24014409(Office)",addlfa-dod@gov.in,https://www.mod.gov.in/dod/en/whos-who
Department of Defence (DoD),https://www.mod.gov.in/dod,,"Shri AVRA Ghosh, (IDAS: 2001)",Finance Manager (Land System),,"24014418, 24014419 (Office)",,https://www.mod.gov.in/dod/en/whos-who
Department of Defence (DoD),https://www.mod.gov.in/dod,,"Shri Krishna Kant Singh, (IDAS: 2000)",Finance Manager (MS),,"24014416, 24014417 (Office)",NA,https://www.mod.gov.in/dod/en/whos-who
Department of Defence (DoD),https://www.mod.gov.in/dod,,"Shri Brajesh Kumar Pandey, (IDAS: 2006)",Finance Manager (Air),,"24014420,24014421 (Office)",NA,https://www.mod.gov.in/dod/en/whos-who
Department of Defence (DoD),https://www.mod.gov.in/dod,,"Shri Rajesh Yadav, ICoAS (1998)",Advisor (Cost/LS),,21411541(Office),rajeshyadav.icoas@nic.in,https://www.mod.gov.in/dod/en/whos-who
Department of Defence (DoD),https://www.mod.gov.in/dod,,"Shri Manish Goswami, ICoAS (2002)",Adviser( Cost/Air),,21411504 (Office),manishgoswami.icoas@nic.in,https://www.mod.gov.in/dod/en/whos-who
Department of Defence (DoD),https://www.mod.gov.in/dod,,"Shri Rajesh K. Agrawal, ICoAS (2008)",Advisor (Cost/MS),,21411637 (Office),rajeshkagrawal.icoas@nic.in,https://www.mod.gov.in/dod/en/whos-who
Department of Defence (DoD),https://www.mod.gov.in/dod,,Shri Rajnath Singh,Raksha Mantri (Defence Minister),,"24014501,24014502 (Office)",rmo@mod.nic.in,https://www.mod.gov.in/dod/en/whos-who
Department of Defence (DoD),https://www.mod.gov.in/dod,,Shri Sanjay Seth,Raksha Rajya Mantri (Minister of State for Defence),,24014508 (Office),mos-defence@gov.in,https://www.mod.gov.in/dod/en/whos-who
Department of Defence (DoD),https://www.mod.gov.in/dod,,"Shri Rajesh Kumar Singh, IAS (KL: 1989)","Defence Secretary, Secretary DDR&D and Chairman DRDO(additional Charge)",,"24014513, 24014515, 24014516",defsecy@nic.in,https://www.mod.gov.in/dod/en/whos-who
Department of Defence (DoD),https://www.mod.gov.in/dod,,"Smt. Dipti Mohil Chawla, (IDAS: 1995)",Additional Secretary,,"24014517, 24014518",addlsecy-mod@gov.in,https://www.mod.gov.in/dod/en/whos-who
Department of Defence (DoD),https://www.mod.gov.in/dod,,"Shri Manish Tripathi, IDAS (1998)",Additional Secretary (Medical/Parliament/Establishment),,"24014521, 24014522",addlsecymt-mod@gov.in,https://www.mod.gov.in/dod/en/whos-who
Department of Defence (DoD),https://www.mod.gov.in/dod,,Shri Sanjai Bajpai,Advisor (Parl),,,usparl_def@nic.in,https://www.mod.gov.in/dod/en/whos-who
Department of Defence (DoD),https://www.mod.gov.in/dod,,Shri Sandeep Kumar,US (Parl),,,usparl_def@nic.in,https://www.mod.gov.in/dod/en/whos-who
Department of Defence (DoD),https://www.mod.gov.in/dod,,Shri Lalit Kumar Yadav,Section Officer(Parl),,,usparl_def@nic.in,https://www.mod.gov.in/dod/en/whos-who
Department of Defence (DoD),https://www.mod.gov.in/dod,,Shri Sunil Kumar Adlakha,Deputy Secretary (Estt.),,23014369 (Office),--,https://www.mod.gov.in/dod/en/whos-who
Department of Defence (DoD),https://www.mod.gov.in/dod,,"Shri Vijay Kumar, IIS (1998)",ADG (M&C) & Spokesperson MoD,,24015555 (Office),adgmnc.dprmod@nic.in,https://www.mod.gov.in/dod/en/whos-who
Department of Defence (DoD),https://www.mod.gov.in/dod,,Shri D Salai Maran,Director,,24015557 (Office),Diradm.dpr-mod@gov.in,https://www.mod.gov.in/dod/en/whos-who
Department of Defence (DoD),https://www.mod.gov.in/dod,,Shri Sooraj R,Director (PR),,24015558 (Office),dpr-mod@gov.in,https://www.mod.gov.in/dod/en/whos-who
Department of Defence (DoD),https://www.mod.gov.in/dod,,Shri Neeraj Dabas,Joint Director,,24015559 (Office),jdadm.dpr-mod@gov.in,https://www.mod.gov.in/dod/en/whos-who
Department of Defence (DoD),https://www.mod.gov.in/dod,,Shri Capt Vivek Mandhwal,PRO Navy,,,pronavy.dprmod@nic.in,https://www.mod.gov.in/dod/en/whos-who
Department of Defence (DoD),https://www.mod.gov.in/dod,,Shri Col Nishant Arvind,PRO Army,,,armypro@gmail.com,https://www.mod.gov.in/dod/en/whos-who
Department of Defence (DoD),https://www.mod.gov.in/dod,,Shri Wg Cdr Jaideep Singh,PRO Air Force,,,proiaf.dprmod@nic.in,https://www.mod.gov.in/dod/en/whos-who
Department of Ex-Servicemen Welfare (DESW),https://www.desw.gov.in,,Shri Rajnath Singh,Raksha Mantri (Defence Minister),,"24014501, 24014502",rmo@mod.nic.in,https://www.desw.gov.in/en/about-us/whos-who
Department of Ex-Servicemen Welfare (DESW),https://www.desw.gov.in,,"Shri Amit Kishore, IAS (UP:2011)",Private Secretary to Raksha Mantri,,"24014501, 24014502",rmo@mod.nic.in,https://www.desw.gov.in/en/about-us/whos-who
Department of Ex-Servicemen Welfare (DESW),https://www.desw.gov.in,,Shri Krishnendra Pratap Singh,OSD to Raksha Mantri,,"24014501, 24014502",,https://www.desw.gov.in/en/about-us/whos-who
Department of Ex-Servicemen Welfare (DESW),https://www.desw.gov.in,,Shri Prabhat Kumar Tripathi,OSD to Raksha Mantri,,"24014501, 24014502",,https://www.desw.gov.in/en/about-us/whos-who
Department of Ex-Servicemen Welfare (DESW),https://www.desw.gov.in,,Shri Amarendra Tiwari,Additional Private Secretary to Raksha Mantri,,"24014501, 24014502",,https://www.desw.gov.in/en/about-us/whos-who
Department of Ex-Servicemen Welfare (DESW),https://www.desw.gov.in,,Shri Sanjay Seth,Raksha Rajya Mantri (Minister of State for Defence),,"24014508,23310353(R)",mos-defence@gov.in,https://www.desw.gov.in/en/about-us/whos-who
Department of Ex-Servicemen Welfare (DESW),https://www.desw.gov.in,,Shri Ujjwal Kumar,Private Secretary to Raksha Rajya Mantri,,,mos-defence@gov.in,https://www.desw.gov.in/en/about-us/whos-who
Department of Ex-Servicemen Welfare (DESW),https://www.desw.gov.in,,Shri K.P. Balyan,Additional Private Secretary to Raksha Rajya Mantri,,"24014508, 24014509",mos-defence@gov.in,https://www.desw.gov.in/en/about-us/whos-who
Department of Ex-Servicemen Welfare (DESW),https://www.desw.gov.in,,Shri Jitendra Nath Mahato,Additional Private Secretary to Raksha Rajya Mantri,,"24014508, 24014509",mos-defence@gov.in,https://www.desw.gov.in/en/about-us/whos-who
Department of Ex-Servicemen Welfare (DESW),https://www.desw.gov.in,,Shri Kumar Vivekanand,1st PA to Raksha Rajya Mantri,,"23792128, 23794621",mos-defence@gov.in,https://www.desw.gov.in/en/about-us/whos-who
Department of Ex-Servicemen Welfare (DESW),https://www.desw.gov.in,,Smt. Sukriti Likhi,Secretary (ESW),,"24014701, 24014702",secyesw@nic.in,https://www.desw.gov.in/en/about-us/whos-who
Department of Ex-Servicemen Welfare (DESW),https://www.desw.gov.in,,Shri Rajan Gupta,Senior PPS to Secretary (ESW),,"24014701, 24014702",,https://www.desw.gov.in/en/about-us/whos-who
Department of Ex-Servicemen Welfare (DESW),https://www.desw.gov.in,,Shri Manasvi Sharma,PS to Secretary (ESW),,"24014701, 24014702",,https://www.desw.gov.in/en/about-us/whos-who
Department of Ex-Servicemen Welfare (DESW),https://www.desw.gov.in,,Shri Manoj Kumar,PA to Secretary (ESW),,"24014701, 24014702",,https://www.desw.gov.in/en/about-us/whos-who
Department of Ex-Servicemen Welfare (DESW),https://www.desw.gov.in,,Shr. S.G.P Verghese,"Additional Charge, JS(ESW)",,,jsesw@nic.in,https://www.desw.gov.in/en/about-us/whos-who
Department of Ex-Servicemen Welfare (DESW),https://www.desw.gov.in,,Smt. Neena Mishra,Principal Director (ESW),,"24014703, 24014704",pd.esw@desw.gov.in,https://www.desw.gov.in/en/about-us/whos-who
Department of Ex-Servicemen Welfare (DESW),https://www.desw.gov.in,,Shri Sanjay Sharma,PPS to Joint Secretary (ESW),,"24014703, 24014704",,https://www.desw.gov.in/en/about-us/whos-who
Department of Ex-Servicemen Welfare (DESW),https://www.desw.gov.in,,Shri Radhey Shyam,PS to Joint Secretary (ESW),,"24014703, 24014704",,https://www.desw.gov.in/en/about-us/whos-who
Department of Ex-Servicemen Welfare (DESW),https://www.desw.gov.in,,Brig. I.P Singh,"Brigadier ESW, Defence Advisor",,,,https://www.desw.gov.in/en/about-us/whos-who
Department of Ex-Servicemen Welfare (DESW),https://www.desw.gov.in,,Col. Deepak Kumar,"Director (Coord, Policy, IT)",,,deepak.dir@desw.gov.in,https://www.desw.gov.in/en/about-us/whos-who
Department of Ex-Servicemen Welfare (DESW),https://www.desw.gov.in,,Smt. Maya Kumari,DS (Res-II),,,director-res2@desw.gov.in,https://www.desw.gov.in/en/about-us/whos-who
Department of Ex-Servicemen Welfare (DESW),https://www.desw.gov.in,,Shri Rajesh Kumar Sinha,DS (Pen/Policy),,,ds-pen-pol@desw.gov.in,https://www.desw.gov.in/en/about-us/whos-who
Department of Ex-Servicemen Welfare (DESW),https://www.desw.gov.in,,Shri Manoj Kumar Rai,Director (WE),,,manoj.rai@nic.in,https://www.desw.gov.in/en/about-us/whos-who
Department of Ex-Servicemen Welfare (DESW),https://www.desw.gov.in,,Shri Kishore Kumar,"DS (Res-I, Genl., Est. and Budget)",,,director-res1@desw.gov.in,https://www.desw.gov.in/en/about-us/whos-who
Department of Ex-Servicemen Welfare (DESW),https://www.desw.gov.in,,Shri Rajesh Sampley,DS (Pen/Legal),,,rsamplay.edu@nic.in,https://www.desw.gov.in/en/about-us/whos-who
Department of Ex-Servicemen Welfare (DESW),https://www.desw.gov.in,,Shri Nishat Kumar,US (Pen/Legal-I),,,us-pen-leg1@desw.gov.in,https://www.desw.gov.in/en/about-us/whos-who
Department of Ex-Servicemen Welfare (DESW),https://www.desw.gov.in,,Shri Raghvendra Singh Yadav,US (Pen/Legal-II),,,us-pen-legal2@desw.gov.in,https://www.desw.gov.in/en/about-us/whos-who
Department of Ex-Servicemen Welfare (DESW),https://www.desw.gov.in,,Shri Gopal Singh,US (Pen/Pol),,,us-pen-pol@desw.gov.in,https://www.desw.gov.in/en/about-us/whos-who
Department of Ex-Servicemen Welfare (DESW),https://www.desw.gov.in,,Shri Prakash Mundharikar,US (Res-II),,,us-res2@desw.gov.in,https://www.desw.gov.in/en/about-us/whos-who
Department of Ex-Servicemen Welfare (DESW),https://www.desw.gov.in,,Shri Ashish Prakash Sinha,US (WE),,,us-we@desw.gov.in,https://www.desw.gov.in/en/about-us/whos-who
Department of Ex-Servicemen Welfare (DESW),https://www.desw.gov.in,,Shri Alok Nigam,US (PG),,,,https://www.desw.gov.in/en/about-us/whos-who
Department of Ex-Servicemen Welfare (DESW),https://www.desw.gov.in,,Shri Vinod Kumar,US (Estt. & General),,,,https://www.desw.gov.in/en/about-us/whos-who
Department of Ex-Servicemen Welfare (DESW),https://www.desw.gov.in,,Shri Kunal Garg,SO (WE),,,,https://www.desw.gov.in/en/about-us/whos-who
Department of Ex-Servicemen Welfare (DESW),https://www.desw.gov.in,,Shri Divyesh Kumar,SO (WE),,,,https://www.desw.gov.in/en/about-us/whos-who
Department of Ex-Servicemen Welfare (DESW),https://www.desw.gov.in,,Shri Subhadeep Das,US (Res-I),,,,https://www.desw.gov.in/en/about-us/whos-who
Department of Ex-Servicemen Welfare (DESW),https://www.desw.gov.in,,Shri Sharad Chandan,SO (Pension Grievances),,,,https://www.desw.gov.in/en/about-us/whos-who
Department of Ex-Servicemen Welfare (DESW),https://www.desw.gov.in,,Shri Ravinder,US (I&C),,,,https://www.desw.gov.in/en/about-us/whos-who
Department of Ex-Servicemen Welfare (DESW),https://www.desw.gov.in,,Shri Nitin Kumar Singh,SO (Res-II),,,,https://www.desw.gov.in/en/about-us/whos-who
Department of Ex-Servicemen Welfare (DESW),https://www.desw.gov.in,,Shri Chaitanya Biswas,AO (Pension Grievances),,,,https://www.desw.gov.in/en/about-us/whos-who
Department of Ex-Servicemen Welfare (DESW),https://www.desw.gov.in,,Shri Sachin Sharma,SO (Est.),,,,https://www.desw.gov.in/en/about-us/whos-who
Department of Expenditure (DoE),https://doe.gov.in,GOVERNMENT OF INDIA,Smt. Nirmala Sitharaman,Finance Minister,,,appointment.fm@gov.in,https://doe.gov.in/whos-who
Department of Expenditure (DoE),https://doe.gov.in,GOVERNMENT OF INDIA,Shri Anirudh Sravan Pulipaka,PS to FM,,"210016, 210017, 210018, 210019, 210020, 210021, 210022",fmo@nic.in,https://doe.gov.in/whos-who
Department of Expenditure (DoE),https://doe.gov.in,GOVERNMENT OF INDIA,Shri Ankit Jalan,Additional Private Secretary to Finance Minister,,"210022, 210023, 210024, 210025",ankit.jalan@gov.in,https://doe.gov.in/whos-who
Department of Expenditure (DoE),https://doe.gov.in,GOVERNMENT OF INDIA,Shri B.N. Bhaskar,Additional Private Secretary to Finance Minister,,"210016, 210017, 210018, 210019, 210020, 210021, 210022",fmo@nic.in,https://doe.gov.in/whos-who
Department of Expenditure (DoE),https://doe.gov.in,GOVERNMENT OF INDIA,Shri Karma Sonam Zangpo Lhasungpa,Additional Private Secretary to Finance Minister,,,fmo@nic.in,https://doe.gov.in/whos-who
Department of Expenditure (DoE),https://doe.gov.in,GOVERNMENT OF INDIA,Shri Sernya Bhutia,Asstt. PS to FM,,,-,https://doe.gov.in/whos-who
Department of Expenditure (DoE),https://doe.gov.in,GOVERNMENT OF INDIA,Shri Manish Bhat,Asstt. PS to FM,,,fmo@nic.in,https://doe.gov.in/whos-who
Department of Expenditure (DoE),https://doe.gov.in,GOVERNMENT OF INDIA,Shri Shashank Singh,1st Personal Assistant to Finance Minister,,,fmo@nic.in,https://doe.gov.in/whos-who
Department of Expenditure (DoE),https://doe.gov.in,GOVERNMENT OF INDIA,Shri Vishnu Singh,1st Personal Assistant to Finance Minister,,,fmo@nic.in,https://doe.gov.in/whos-who
Department of Expenditure (DoE),https://doe.gov.in,GOVERNMENT OF INDIA,Shri Anil Yadav,Under Secretary,,,-,https://doe.gov.in/whos-who
Department of Expenditure (DoE),https://doe.gov.in,GOVERNMENT OF INDIA,Sh. Ram Rashik Mandal,Under Secretary,,,fmo@nic.in,https://doe.gov.in/whos-who
Department of Expenditure (DoE),https://doe.gov.in,GOVERNMENT OF INDIA,Shri Pankaj Chaudhary,Minister of State for Finance,,,mosfinance@nic.in,https://doe.gov.in/whos-who
Department of Expenditure (DoE),https://doe.gov.in,GOVERNMENT OF INDIA,Shri Rishirendra Kumar,PS to MOS,,,rishirendra.kumar@ias.nic.in,https://doe.gov.in/whos-who
Department of Expenditure (DoE),https://doe.gov.in,GOVERNMENT OF INDIA,Shri Alkesh Uttam,OSD to MOS,,,alkesh.uttam@gov.in,https://doe.gov.in/whos-who
Department of Expenditure (DoE),https://doe.gov.in,GOVERNMENT OF INDIA,Shri Gaurav Shukla,Under Secretary,,"211017, 211018, 211019, 211020",gauravshukla@nic.in,https://doe.gov.in/whos-who
Department of Expenditure (DoE),https://doe.gov.in,GOVERNMENT OF INDIA,Shri Neeraj Mishra,APS to MoS,,,mosfinance@nic.in,https://doe.gov.in/whos-who
Department of Expenditure (DoE),https://doe.gov.in,GOVERNMENT OF INDIA,Shri Dhruv Narayan Srivastav,Ist PA to MoS,,,mosfinance@nic.in,https://doe.gov.in/whos-who
Department of Expenditure (DoE),https://doe.gov.in,GOVERNMENT OF INDIA,Shri V. Vualnam,Secretary,,,secyexp@nic.in,https://doe.gov.in/whos-who
Department of Expenditure (DoE),https://doe.gov.in,GOVERNMENT OF INDIA,Shri Mahendra Singh Rawat,Sr. PPS,,"210054, 210055, 210056",-,https://doe.gov.in/whos-who
Department of Expenditure (DoE),https://doe.gov.in,GOVERNMENT OF INDIA,Shri Chanakya Kelkar,PPS,,"210057, 210058, 210059",-,https://doe.gov.in/whos-who
Department of Expenditure (DoE),https://doe.gov.in,GOVERNMENT OF INDIA,Sh. Netra Pal Singh,Consultant,,"210060, 210061, 210062",-,https://doe.gov.in/whos-who
Department of Expenditure (DoE),https://doe.gov.in,GOVERNMENT OF INDIA,Shri Raj Kumar,PPS,,"210303, 210304",-,https://doe.gov.in/whos-who
Department of Expenditure (DoE),https://doe.gov.in,GOVERNMENT OF INDIA,Smt. Parama Sen,AS (Pers.),,"210069, 210070",sen.parama68@gov.in,https://doe.gov.in/whos-who
Department of Expenditure (DoE),https://doe.gov.in,GOVERNMENT OF INDIA,Shri Naresh Kumar Mehdratta,PPS,,"210071, 210072, 210073, 210074",-,https://doe.gov.in/whos-who
Department of Expenditure (DoE),https://doe.gov.in,GOVERNMENT OF INDIA,Shri Manoj Sahay,Additional Secretary & Financial Adviser,,"210075, 210076",manoj.sahay@nic.in,https://doe.gov.in/whos-who
Department of Expenditure (DoE),https://doe.gov.in,GOVERNMENT OF INDIA,Ms. Seetha Mahalakshmi,PPS to AS & FA,,"210077, 210078, 210079, 210080",a.seethamahalakshmi@nic.in,https://doe.gov.in/whos-who
Department of Expenditure (DoE),https://doe.gov.in,GOVERNMENT OF INDIA,"Shri D. Anandan,",Additional Secretary,,"210081, 210082",jspfc-1@gov.in,https://doe.gov.in/whos-who
Department of Expenditure (DoE),https://doe.gov.in,GOVERNMENT OF INDIA,Smt. Kavita Mansukhani,Sr. PPS,,"210083, 210084, 210085, 210086",m.kavita@nic.in,https://doe.gov.in/whos-who
Department of Expenditure (DoE),https://doe.gov.in,GOVERNMENT OF INDIA,Shri M K Sahoo,Principal Adviser (Cost),,,mksahoo.sfio@nic.in,https://doe.gov.in/whos-who
Department of Expenditure (DoE),https://doe.gov.in,GOVERNMENT OF INDIA,Sh. Praveen Nagar,PPS,,,praveen.nagar27@gov.in,https://doe.gov.in/whos-who
Department of Expenditure (DoE),https://doe.gov.in,GOVERNMENT OF INDIA,Ms. Nanu Bhasin,Addl. DG (Media & Communication),,"212149, 212150",dprfinance@gmail.com,https://doe.gov.in/whos-who
Department of Expenditure (DoE),https://doe.gov.in,GOVERNMENT OF INDIA,Shri Utkarsh Kaushik,PA to ADG (M&C),,"212151, 212152",dprfinance@gmail.com,https://doe.gov.in/whos-who
Department of Expenditure (DoE),https://doe.gov.in,GOVERNMENT OF INDIA,Shri Kush Mohan Nahar,Asstt. Director (Media & Communication),,,nahar.kush@gov.in,https://doe.gov.in/whos-who
Department of Expenditure (DoE),https://doe.gov.in,GOVERNMENT OF INDIA,Shri Sridhar Suruneni,Media & Communication Officer,,,sridhar.surneni@gmail.com,https://doe.gov.in/whos-who
Department of Expenditure (DoE),https://doe.gov.in,GOVERNMENT OF INDIA,Shri Pradeep K. Singh,Joint Secretary,,"210111, 210112",jsecoord-doe@gov.in,https://doe.gov.in/whos-who
Department of Expenditure (DoE),https://doe.gov.in,GOVERNMENT OF INDIA,Sh. Gurbaksh Singh Kapoor,PPS to js (E-Coord),,"210113, 210114",gb.kapoor@nic.in,https://doe.gov.in/whos-who
Department of Expenditure (DoE),https://doe.gov.in,GOVERNMENT OF INDIA,Dr. Ekroop Caur,Joint Secretary,,"210087, 210088",js.pfc2.doe@gov.in,https://doe.gov.in/whos-who
Department of Expenditure (DoE),https://doe.gov.in,GOVERNMENT OF INDIA,Shri Naresh Kumar,PS,,"210091, 210092",-,https://doe.gov.in/whos-who
Department of Expenditure (DoE),https://doe.gov.in,GOVERNMENT OF INDIA,Shri Ajith Kumar N,DDG (PFC-l),,"210099, 210100",ddg.doe@gov.in,https://doe.gov.in/whos-who
Department of Expenditure (DoE),https://doe.gov.in,GOVERNMENT OF INDIA,Shri Mritunjaya Rawar,PPS,,"210101, 210102",-,https://doe.gov.in/whos-who
Department of Expenditure (DoE),https://doe.gov.in,GOVERNMENT OF INDIA,Shri Prateek Kumar Singh,Director,,"210164, 210165",prateeks.98@gov.in,https://doe.gov.in/whos-who
Department of Expenditure (DoE),https://doe.gov.in,GOVERNMENT OF INDIA,Shri Sonamani Haobam,Director,,"210168, 210169",sonamani.haobam@nic.in,https://doe.gov.in/whos-who
Department of Expenditure (DoE),https://doe.gov.in,GOVERNMENT OF INDIA,Ms. Bhumika Verma,Director,,"210180, 210181",bhumika.verma@nic.in,https://doe.gov.in/whos-who
Department of Expenditure (DoE),https://doe.gov.in,GOVERNMENT OF INDIA,Shri Praveen Ranjan,Director,,"210129, 210130",praveenranjan.dad@nic.in,https://doe.gov.in/whos-who
Department of Expenditure (DoE),https://doe.gov.in,GOVERNMENT OF INDIA,Shri Avinash K.Nilankar,Director,,"210121, 210122",avinash.n@gov.in,https://doe.gov.in/whos-who
Department of Expenditure (DoE),https://doe.gov.in,GOVERNMENT OF INDIA,Shri Ram Kumar S. Pandey,Director,,"210156, 210157",ramkumarpandey.icoas@nic.in,https://doe.gov.in/whos-who
Department of Expenditure (DoE),https://doe.gov.in,GOVERNMENT OF INDIA,Ms. Isha Khosla,Director,,"210133,",isha.khosla@nic.in,https://doe.gov.in/whos-who
Department of Expenditure (DoE),https://doe.gov.in,GOVERNMENT OF INDIA,Shri Umesh Kumar Agarwal,Director,,"210148, 210149",uk.agarwal@nic.in,https://doe.gov.in/whos-who
Department of Expenditure (DoE),https://doe.gov.in,GOVERNMENT OF INDIA,Shri S. Natarajan,Director,,,snatarajan1985.sr@gov.in,https://doe.gov.in/whos-who
Department of Expenditure (DoE),https://doe.gov.in,GOVERNMENT OF INDIA,Shri Debapriya Bardhan,Director,,"210105, 210106",debapriya.bardhan@ias.nic.in,https://doe.gov.in/whos-who
Department of Expenditure (DoE),https://doe.gov.in,GOVERNMENT OF INDIA,Shri Samir Kumar Das,Deputy Secretary,,"210160, 210161",samir.kumar70@nic.in,https://doe.gov.in/whos-who
Department of Expenditure (DoE),https://doe.gov.in,GOVERNMENT OF INDIA,Shri Sunil Kumar,Deputy Secretary,,210152 210153,sunilkumar0970@nic.in,https://doe.gov.in/whos-who
Department of Expenditure (DoE),https://doe.gov.in,GOVERNMENT OF INDIA,Shri Anil Kumar,Deputy Secretary,,,anil.kumar14@nic.in,https://doe.gov.in/whos-who
Department of Expenditure (DoE),https://doe.gov.in,GOVERNMENT OF INDIA,Shri Sudershan Kumar,Deputy Secretary,,"210140, 210141",s.kumar73@nic.in,https://doe.gov.in/whos-who
Department of Expenditure (DoE),https://doe.gov.in,GOVERNMENT OF INDIA,Shri Abhimanyu Sahoo,Deputy Secretary,,"210196, 210197",abhimanyu.Sahoo@nic.in,https://doe.gov.in/whos-who
Department of Expenditure (DoE),https://doe.gov.in,GOVERNMENT OF INDIA,Shri Sushil Bhushan,Deputy Secretary,,"210144, 210145",sbhushan.edu@nic.in,https://doe.gov.in/whos-who
Department of Expenditure (DoE),https://doe.gov.in,GOVERNMENT OF INDIA,Shri Alok Kumar Dixit,Deputy Secretary,,"210127, 210128",ak.dixit@nic.in,https://doe.gov.in/whos-who
Department of Expenditure (DoE),https://doe.gov.in,GOVERNMENT OF INDIA,Shri Rakesh Kumar,Deputy Secretary,,"210184, 210185",rakesh.kr04@gov.in,https://doe.gov.in/whos-who
Department of Expenditure (DoE),https://doe.gov.in,GOVERNMENT OF INDIA,Shri Rajiv Saraswat,Deputy Secretary,,"210204, 210206",rajiv.saraswat@gov.in,https://doe.gov.in/whos-who
Department of Expenditure (DoE),https://doe.gov.in,GOVERNMENT OF INDIA,Ms. Rashmi,Deputy Secretary,,"210136, 210137",rashmi.rkprao@gov.in,https://doe.gov.in/whos-who
Department of Expenditure (DoE),https://doe.gov.in,GOVERNMENT OF INDIA,Ms. Preeti,Joint Director,,"210176, 210177",preeti.balyan@nic.in,https://doe.gov.in/whos-who
Department of Expenditure (DoE),https://doe.gov.in,GOVERNMENT OF INDIA,Shri Rangin Murmu,Joint Director,,"210200, 210201",rangin.murmu@gov.in,https://doe.gov.in/whos-who
Department of Expenditure (DoE),https://doe.gov.in,GOVERNMENT OF INDIA,"Dr. K.R. Rajeshwari,",Joint Director,,"210172, 210173",rajeshwari.kr@gov.in,https://doe.gov.in/whos-who
Department of Expenditure (DoE),https://doe.gov.in,GOVERNMENT OF INDIA,Shri Mahesh Kumar,Joint Director,,,maheshk.icoas@gov.in,https://doe.gov.in/whos-who
Department of Expenditure (DoE),https://doe.gov.in,GOVERNMENT OF INDIA,Shri Piyush Kumar,Under Secretary,,,piyush.kumar86@gov.in,https://doe.gov.in/whos-who
Department of Expenditure (DoE),https://doe.gov.in,GOVERNMENT OF INDIA,Shri Nitin Jain,Under Secretary,,,nitin.jain75@nic.in,https://doe.gov.in/whos-who
Department of Expenditure (DoE),https://doe.gov.in,GOVERNMENT OF INDIA,Shri K Rajan,Under Secretary,,,k.rajan@nic.in,https://doe.gov.in/whos-who
Department of Expenditure (DoE),https://doe.gov.in,GOVERNMENT OF INDIA,Shri Manoj Kumar Jain,Under Secretary,,,mk.jain05@nic.in,https://doe.gov.in/whos-who
Department of Expenditure (DoE),https://doe.gov.in,GOVERNMENT OF INDIA,Shri Krishanu Mukherjee,Under Secretary,,,krishanu.83@nic.in,https://doe.gov.in/whos-who
Department of Expenditure (DoE),https://doe.gov.in,GOVERNMENT OF INDIA,Shri Bharat Indora,Under Secretary,,,bharat.I13@nic.in,https://doe.gov.in/whos-who
Department of Expenditure (DoE),https://doe.gov.in,GOVERNMENT OF INDIA,Shri Anil Yadav,Under Secretary,,,anil.yadav@nic.in,https://doe.gov.in/whos-who
Department of Expenditure (DoE),https://doe.gov.in,GOVERNMENT OF INDIA,Shri A. K. Suraj,Under Secretary,,,ak.suraj@nic.in,https://doe.gov.in/whos-who
Department of Expenditure (DoE),https://doe.gov.in,GOVERNMENT OF INDIA,Shri Chandra Prakash Kushwaha,Under Secretary,,,chandra.kushwaha@ic.in,https://doe.gov.in/whos-who
Department of Expenditure (DoE),https://doe.gov.in,GOVERNMENT OF INDIA,Shri K C Joshi,Under Secretary,,,kailash.joshi26@gov.in,https://doe.gov.in/whos-who
Department of Expenditure (DoE),https://doe.gov.in,GOVERNMENT OF INDIA,Shri Kailash Kumar,Under Secretary,,,-,https://doe.gov.in/whos-who
Department of Expenditure (DoE),https://doe.gov.in,GOVERNMENT OF INDIA,Shri Om Prakash Gupta,Under Secretary,,,opgupta.82@gov.in,https://doe.gov.in/whos-who
Department of Expenditure (DoE),https://doe.gov.in,GOVERNMENT OF INDIA,Shri Partha Paul,Under Secretary,,,paul.partha@gov.in,https://doe.gov.in/whos-who
Department of Expenditure (DoE),https://doe.gov.in,GOVERNMENT OF INDIA,Shri S.S.P. Sinha,Under Secretary,,,ssp.sinha@nic.in,https://doe.gov.in/whos-who
Department of Expenditure (DoE),https://doe.gov.in,GOVERNMENT OF INDIA,Shri Pravesh Kumar,Under Secretary,,,pravesh.kumar82@gov.in,https://doe.gov.in/whos-who
Department of Expenditure (DoE),https://doe.gov.in,GOVERNMENT OF INDIA,Shri Ram Rashik Mandal,Under Secretary,,,ram.rashik@nic.in,https://doe.gov.in/whos-who
Department of Expenditure (DoE),https://doe.gov.in,GOVERNMENT OF INDIA,Shri Kundan Kumar Jha,Under Secretary,,,kundan.kj@gov.in,https://doe.gov.in/whos-who
Department of Expenditure (DoE),https://doe.gov.in,GOVERNMENT OF INDIA,Shri Ranjit Kumar Jha,Under Secretary,,,ranjitk.jha@nic.in,https://doe.gov.in/whos-who
Department of Expenditure (DoE),https://doe.gov.in,GOVERNMENT OF INDIA,Shri Ram Pal Ohri,Under Secretary,,,ram.ohri@gov.in,https://doe.gov.in/whos-who
Department of Expenditure (DoE),https://doe.gov.in,GOVERNMENT OF INDIA,Shri Pravin Kumar Pandey,Under Secretary,,,pravin.pandey@nic.in,https://doe.gov.in/whos-who
Department of Expenditure (DoE),https://doe.gov.in,GOVERNMENT OF INDIA,Shri Vijay Kumar Sharma,Under Secretary,,,vkumar.sharma@nic.in,https://doe.gov.in/whos-who
Department of Expenditure (DoE),https://doe.gov.in,GOVERNMENT OF INDIA,Shri Ashwani Verma,Under Secretary,,,ashwaniverma.moca@nic.in,https://doe.gov.in/whos-who
Department of Expenditure (DoE),https://doe.gov.in,GOVERNMENT OF INDIA,Smt. Kavitha Panicker,Under Secretary,,,kavitha.panicker@gov.in,https://doe.gov.in/whos-who
Department of Expenditure (DoE),https://doe.gov.in,GOVERNMENT OF INDIA,Shri Anil Prakash Dubey,Under Secretary,,,anilprakash.dubey@gov.in,https://doe.gov.in/whos-who
Department of Expenditure (DoE),https://doe.gov.in,GOVERNMENT OF INDIA,Shri Rameshwar Kumar,Under Secretary,,,rameshwar.k@nic.in,https://doe.gov.in/whos-who
Department of Expenditure (DoE),https://doe.gov.in,GOVERNMENT OF INDIA,Smt. Chaitali Dua,Under Secretary,,,chaitali.dua@nic.in,https://doe.gov.in/whos-who
Department of Expenditure (DoE),https://doe.gov.in,GOVERNMENT OF INDIA,Shri Md. Tahir Hussain Ansari,Under Secretary,,,ansari.tahir@gov.in,https://doe.gov.in/whos-who
Department of Expenditure (DoE),https://doe.gov.in,GOVERNMENT OF INDIA,Shri Raghvendra Singh Kushwah,Under Secretary,,,rs.kushwah@nic.in,https://doe.gov.in/whos-who
Department of Expenditure (DoE),https://doe.gov.in,GOVERNMENT OF INDIA,Ms. Anu R. Shine,Under Secretary,,,anu.shine@nic.in,https://doe.gov.in/whos-who
Department of Expenditure (DoE),https://doe.gov.in,GOVERNMENT OF INDIA,Shri Rajesh Garg,Deputy Director,,,carajesh.garg@gov.in,https://doe.gov.in/whos-who
Department of Expenditure (DoE),https://doe.gov.in,GOVERNMENT OF INDIA,Shri Kanav Dua,Deputy Director,,,kanav.dua@gov.in,https://doe.gov.in/whos-who
Department of Expenditure (DoE),https://doe.gov.in,GOVERNMENT OF INDIA,Ms. Aruna Arora,Deputy Director,,,aruna.arora@gov.in,https://doe.gov.in/whos-who
Department of Expenditure (DoE),https://doe.gov.in,GOVERNMENT OF INDIA,Shri Rahul Chaurasia,Deputy Director,,,rahul.chaurasia@nic.in,https://doe.gov.in/whos-who
Department of Expenditure (DoE),https://doe.gov.in,GOVERNMENT OF INDIA,Shri Nirnay Pratap Singh,Deputy Director,,,nirnay.pratap@gov.in,https://doe.gov.in/whos-who
Department of Expenditure (DoE),https://doe.gov.in,GOVERNMENT OF INDIA,Ms. Arushi Gupta,Deputy Director,,,gupta.arushi@gov.in,https://doe.gov.in/whos-who
Department of Expenditure (DoE),https://doe.gov.in,GOVERNMENT OF INDIA,Mrs. Anu Malhotra,Deputy Director O.L.,,,anu.1968exp@gov.in,https://doe.gov.in/whos-who
Department of Expenditure (DoE),https://doe.gov.in,GOVERNMENT OF INDIA,Shri Karanveer Singh,Deputy Director,,,karan.veer@nic.in,https://doe.gov.in/whos-who
Department of Expenditure (DoE),https://doe.gov.in,GOVERNMENT OF INDIA,Shri Pankaj Pahadiya,Deputy Director,,,-,https://doe.gov.in/whos-who
Department of Expenditure (DoE),https://doe.gov.in,GOVERNMENT OF INDIA,Shri Amit Kumar Sharma,Section Officer,,,sharma.amit91@gov.in,https://doe.gov.in/whos-who
Department of Expenditure (DoE),https://doe.gov.in,GOVERNMENT OF INDIA,Ms. Udita Gaur,Section Officer,,,udita.gaur@nic.in,https://doe.gov.in/whos-who
Department of Expenditure (DoE),https://doe.gov.in,GOVERNMENT OF INDIA,Shri Rajesh Virmani,Section Officer,,,rajesh.virmani@nic.in,https://doe.gov.in/whos-who
Department of Expenditure (DoE),https://doe.gov.in,GOVERNMENT OF INDIA,Smt. Urwashi Sharma,Section Officer,,,urwashi.sharma@nic.in,https://doe.gov.in/whos-who
Department of Expenditure (DoE),https://doe.gov.in,GOVERNMENT OF INDIA,Ms. Anadi Choudhary,Section Officer,,,anadi.choudhary@gov.in,https://doe.gov.in/whos-who
Department of Expenditure (DoE),https://doe.gov.in,GOVERNMENT OF INDIA,Shri Anil Kumar,Section Officer,,,anil.kumar88@gov.in,https://doe.gov.in/whos-who
Department of Expenditure (DoE),https://doe.gov.in,GOVERNMENT OF INDIA,Shri A. K. Koli,Section Officer,,,ajaykumar.koli@nic.in,https://doe.gov.in/whos-who
Department of Expenditure (DoE),https://doe.gov.in,GOVERNMENT OF INDIA,Ms. Mansi Sethi,Section Officer,,,mansi.sethi@nic.in,https://doe.gov.in/whos-who
Department of Expenditure (DoE),https://doe.gov.in,GOVERNMENT OF INDIA,Shri Sachin Balhara,Section Officer,,,sachin.balhara@gov.in,https://doe.gov.in/whos-who
Department of Expenditure (DoE),https://doe.gov.in,GOVERNMENT OF INDIA,Shri Aditya Raj,Section Officer,,,aditya.raj@nic.in,https://doe.gov.in/whos-who
Department of Expenditure (DoE),https://doe.gov.in,GOVERNMENT OF INDIA,Smt. Kanika Verma,Section Officer,,,kanika.verma87@nic.in,https://doe.gov.in/whos-who
Department of Expenditure (DoE),https://doe.gov.in,GOVERNMENT OF INDIA,Shri Saurav Dhingra,Section Officer,,,saurav.dhingra@nic.in,https://doe.gov.in/whos-who
Department of Expenditure (DoE),https://doe.gov.in,GOVERNMENT OF INDIA,Shri Ajay Kumar Jindal,Section Officer,,,ak.jindal89@nic.in,https://doe.gov.in/whos-who
Department of Expenditure (DoE),https://doe.gov.in,GOVERNMENT OF INDIA,Shri Amit Kataria,Section Officer,,,amit.kataria@nic.in,https://doe.gov.in/whos-who
Department of Expenditure (DoE),https://doe.gov.in,GOVERNMENT OF INDIA,Shri Amit Verma,Section Officer,,,amit.verma8@nic.in,https://doe.gov.in/whos-who
Department of Expenditure (DoE),https://doe.gov.in,GOVERNMENT OF INDIA,Shri Nissar Ahmed,Section Officer,,,nissar.ahmad67@gov.in,https://doe.gov.in/whos-who
Department of Expenditure (DoE),https://doe.gov.in,GOVERNMENT OF INDIA,Shri Atul Agarwal,Section Officer,,,a.agrawal24@nic.in,https://doe.gov.in/whos-who
Department of Expenditure (DoE),https://doe.gov.in,GOVERNMENT OF INDIA,Shri Deep Krishan,Section Officer,,,deep.krishan@nic.in,https://doe.gov.in/whos-who
Department of Expenditure (DoE),https://doe.gov.in,GOVERNMENT OF INDIA,Shri Vikram Singh,Section Officer,,,-,https://doe.gov.in/whos-who
Department of Expenditure (DoE),https://doe.gov.in,GOVERNMENT OF INDIA,Shri Naveen Sharma,Section Officer,,,naveensharma02.dad@hub.nic.in,https://doe.gov.in/whos-who
Department of Expenditure (DoE),https://doe.gov.in,GOVERNMENT OF INDIA,Shri Gaurav Asija,Section Officer,,,asija.gaurav@nic.in,https://doe.gov.in/whos-who
Department of Expenditure (DoE),https://doe.gov.in,GOVERNMENT OF INDIA,Ms. Babita,Section Officer,,,babita.35@gov.in,https://doe.gov.in/whos-who
Department of Expenditure (DoE),https://doe.gov.in,GOVERNMENT OF INDIA,Smt. M Penchala Lakshmi,Section Officer,,,penchala.lakshmi@nic.in,https://doe.gov.in/whos-who
Department of Expenditure (DoE),https://doe.gov.in,GOVERNMENT OF INDIA,Shri Dilip Kr. Singh,Section Officer,,,dilipsingh.19@gov.in,https://doe.gov.in/whos-who
Department of Expenditure (DoE),https://doe.gov.in,GOVERNMENT OF INDIA,Shri Prabhat Choudhary,Section Officer,,,prabhat.choudhary@nic.in,https://doe.gov.in/whos-who
Department of Expenditure (DoE),https://doe.gov.in,GOVERNMENT OF INDIA,Shri Rikesh Kumar,Section Officer,,,rikesh.kumar@nic.in,https://doe.gov.in/whos-who
Department of Expenditure (DoE),https://doe.gov.in,GOVERNMENT OF INDIA,Shri Sourabh,Section Officer,,,kumar.sourabh@gov.in,https://doe.gov.in/whos-who
Department of Expenditure (DoE),https://doe.gov.in,GOVERNMENT OF INDIA,Shri Sushil Kumar,Section Officer,,,sushilgautam1972@gov.in,https://doe.gov.in/whos-who
Department of Expenditure (DoE),https://doe.gov.in,GOVERNMENT OF INDIA,Shri Vikas Kumar,Section Officer,,,v.kumar88@nic.in,https://doe.gov.in/whos-who
Department of Expenditure (DoE),https://doe.gov.in,GOVERNMENT OF INDIA,Shri Sudesh Kumar,Section Officer,,,sudesh.kumar85@gov.in,https://doe.gov.in/whos-who
Department of Expenditure (DoE),https://doe.gov.in,GOVERNMENT OF INDIA,Shri Praneet Mogha,Section Officer,,,praneet.mogha@nic.in,https://doe.gov.in/whos-who
Department of Expenditure (DoE),https://doe.gov.in,GOVERNMENT OF INDIA,Shri Ajay Ranga,Section Officer,,,ajay.ranga@gov.in,https://doe.gov.in/whos-who
Department of Expenditure (DoE),https://doe.gov.in,GOVERNMENT OF INDIA,Shri Anuj Kumar,Section Officer,,,anuj.kumar90@gov.in,https://doe.gov.in/whos-who
Department of Expenditure (DoE),https://doe.gov.in,GOVERNMENT OF INDIA,Ms. Hema Rani,Section Officer,,,hema.rani89@gov.in,https://doe.gov.in/whos-who
Department of Expenditure (DoE),https://doe.gov.in,GOVERNMENT OF INDIA,Shri Rahul,Section Officer,,,rahul.yadav2401@gov.in,https://doe.gov.in/whos-who
Department of Expenditure (DoE),https://doe.gov.in,GOVERNMENT OF INDIA,Shri Shambunath Rana,Section Officer,,,shambhunath.r@nic.in,https://doe.gov.in/whos-who
Department of Expenditure (DoE),https://doe.gov.in,GOVERNMENT OF INDIA,Shri Atul Bamnia,Section Officer,,,atul.bamnia@nic.in,https://doe.gov.in/whos-who
Department of Expenditure (DoE),https://doe.gov.in,GOVERNMENT OF INDIA,Shri Vivek Kumar,Section Officer,,,vivek.kr91@gov.in,https://doe.gov.in/whos-who
Department of Expenditure (DoE),https://doe.gov.in,GOVERNMENT OF INDIA,Ms. Vandana Yadav,Section Officer,,,vandana.yadav88@gov.in,https://doe.gov.in/whos-who
Department of Expenditure (DoE),https://doe.gov.in,GOVERNMENT OF INDIA,Shri Ashwani Sharma,Section Officer,,,sharma.ashwani@gov.in,https://doe.gov.in/whos-who
Department of Expenditure (DoE),https://doe.gov.in,GOVERNMENT OF INDIA,Shri Ashok Kumar Yadav,Section Officer,,,ashok.yadav92@gov.in,https://doe.gov.in/whos-who
Department of Expenditure (DoE),https://doe.gov.in,GOVERNMENT OF INDIA,Shri Kiran Raj,Section Officer,,,kiran.raj@gov.in,https://doe.gov.in/whos-who
Department of Expenditure (DoE),https://doe.gov.in,GOVERNMENT OF INDIA,Shri Ashok Kumar,Section Officer,,,pru-exp@nic.in,https://doe.gov.in/whos-who
Department of Expenditure (DoE),https://doe.gov.in,GOVERNMENT OF INDIA,Shri Rahul Kumar,Section Officer,,,rahul.kumar08@gov.in,https://doe.gov.in/whos-who
Department of Expenditure (DoE),https://doe.gov.in,GOVERNMENT OF INDIA,Shri Shashank,Section Officer,,,shashank93.dad@gov.in,https://doe.gov.in/whos-who
Department of Expenditure (DoE),https://doe.gov.in,GOVERNMENT OF INDIA,Shri Mudit Yadav,Section Officer,,,yadav.mudit@gov.in,https://doe.gov.in/whos-who
Department of Expenditure (DoE),https://doe.gov.in,GOVERNMENT OF INDIA,Shri Ajay Joshi,Section Officer,,,joshi.ajay@nic.in,https://doe.gov.in/whos-who
Department of Expenditure (DoE),https://doe.gov.in,GOVERNMENT OF INDIA,Ms. Gurpreet Kaur,SSO,,,gurpreet.kaur80@nic.in,https://doe.gov.in/whos-who
Department of Expenditure (DoE),https://doe.gov.in,GOVERNMENT OF INDIA,Shri Rahul Agarwal,Assistant Director,,,rahulagarwal.icoas@gov.in,https://doe.gov.in/whos-who
Department of Expenditure (DoE),https://doe.gov.in,GOVERNMENT OF INDIA,Shri Shashank Singh,1st Personal Assistant to Finance Minister,,,-,https://doe.gov.in/whos-who
Department of Expenditure (DoE),https://doe.gov.in,GOVERNMENT OF INDIA,Ms. Isha Garg,Assistant Director,,,Isha.garg129@gov.in,https://doe.gov.in/whos-who
Department of Expenditure (DoE),https://doe.gov.in,GOVERNMENT OF INDIA,Shri Jitendra Kumar Verma,Assistant Director,,,jkverma.icoas@gov.in,https://doe.gov.in/whos-who
Department of Expenditure (DoE),https://doe.gov.in,GOVERNMENT OF INDIA,Shri Rajesh Kumar,Assistant Director,,,rajesh.k75@gov.in,https://doe.gov.in/whos-who
Department of Expenditure (DoE),https://doe.gov.in,GOVERNMENT OF INDIA,Shri Kamal Tisawar,Assistant Director,,,k.tisawar@gov.in,https://doe.gov.in/whos-who
Department of Expenditure (DoE),https://doe.gov.in,GOVERNMENT OF INDIA,Ms. Vinita,Assistant Director,,,vinita.sharan@gov.in,https://doe.gov.in/whos-who
Department of Expenditure (DoE),https://doe.gov.in,GOVERNMENT OF INDIA,Ms. T.C.A. Kalyani,Controller General of Accounts,,,sectt-cga@gov.in,https://doe.gov.in/whos-who
Department of Expenditure (DoE),https://doe.gov.in,GOVERNMENT OF INDIA,Shri Praveen Kumar,"Director, AJNIFM",,,director@nifm.ac.in,https://doe.gov.in/whos-who
Department of Expenditure (DoE),https://doe.gov.in,GOVERNMENT OF INDIA,Shri Anand Kumar Pal,Chief Adviser Cost,,,anand.kpal@nic.in,https://doe.gov.in/whos-who
Department of Expenditure (DoE),https://doe.gov.in,GOVERNMENT OF INDIA,Shri Subhash Chand,PPS to CAC,,,-,https://doe.gov.in/whos-who
Department of Land Resources (DLR),https://dolr.gov.in,Minister of Rural Development,Shri Shivraj Singh Chouhan,"Minister of Rural Development, Agriculture & Farmers Welfare",,,minister.rd@gov.in,https://dolr.gov.in/whos-who/
Department of Land Resources (DLR),https://dolr.gov.in,Minister of Rural Development,Shri Praveen Singh Adhayach,PS to Minister,G Floor-48,,,https://dolr.gov.in/whos-who/
Department of Land Resources (DLR),https://dolr.gov.in,Minister of Rural Development,Shri Satyendra Khare,Additional PS to Minister,G Floor-48,,minister.rd@gov.in,https://dolr.gov.in/whos-who/
Department of Land Resources (DLR),https://dolr.gov.in,Minister of Rural Development,Shri Raghavendra Mishra,1st PA to Minister,,,minister.rd@gov.in,https://dolr.gov.in/whos-who/
Department of Land Resources (DLR),https://dolr.gov.in,Minister of Rural Development,Shri Rahul Sharma,2nd PA to Minister,,,minister.rd@gov.in,https://dolr.gov.in/whos-who/
Department of Land Resources (DLR),https://dolr.gov.in,Minister of State (MoS),Dr. Chandra Sekhar Pemmasani,Minister of State for Rural Development & Ministry of Communications,101,,mosc-office@gov.in,https://dolr.gov.in/whos-who/
Department of Land Resources (DLR),https://dolr.gov.in,Minister of State (MoS),Amrendra Pratap Singh,Private Secretary,102,,mosc-office@gov.in,https://dolr.gov.in/whos-who/
Department of Land Resources (DLR),https://dolr.gov.in,Minister of State (MoS),K.R.S. Krishnam Naidu,OSD,114,,mosc-office@gov.in,https://dolr.gov.in/whos-who/
Department of Land Resources (DLR),https://dolr.gov.in,Minister of State (MoS),V. Rajkamal,Assistant Private Secretary,114,,mosc-office@gov.in,https://dolr.gov.in/whos-who/
Department of Land Resources (DLR),https://dolr.gov.in,Minister of State (MoS),G. Dileep Kumar,Personal Assistant (2nd PA),114,,mosc-office@gov.in,https://dolr.gov.in/whos-who/
Department of Land Resources (DLR),https://dolr.gov.in,Minister of State(MoS),Shri Kamlesh Paswan,Minister of State for Rural Development,197,,mosoffice-rd@gov.in,https://dolr.gov.in/whos-who/
Department of Land Resources (DLR),https://dolr.gov.in,Minister of State(MoS),Shri Swapnil S. Patil,PS to MoS(RD),196,,,https://dolr.gov.in/whos-who/
Department of Land Resources (DLR),https://dolr.gov.in,Minister of State(MoS),Shri Rahul Kumar,Additional PS to MoS,192,,rahul.19@gov.in,https://dolr.gov.in/whos-who/
Department of Land Resources (DLR),https://dolr.gov.in,Minister of State(MoS),Shri Rajesh Chippa,APS to MoS(RD),197A,,,https://dolr.gov.in/whos-who/
Department of Land Resources (DLR),https://dolr.gov.in,Minister of State(MoS),Shri Vinay Kumar,2nd PA to MoS (RD),197A,,,https://dolr.gov.in/whos-who/
Department of Land Resources (DLR),https://dolr.gov.in,Minister of State(MoS),Smt Harpreet Kaur,PPS to O/o MoS (RD),197A,,harpreet.k@nic.in,https://dolr.gov.in/whos-who/
Department of Land Resources (DLR),https://dolr.gov.in,Minister of State(MoS),Shri Dinesh Sharma,PPS to O/o MoS (RD),197A,,mosofficerd@gmail.com,https://dolr.gov.in/whos-who/
Department of Land Resources (DLR),https://dolr.gov.in,Secretary,Shri Narendra Bhooshan,Secretary,32042,"24011515,16,17",secy-dolr@nic.in,https://dolr.gov.in/whos-who/
Department of Land Resources (DLR),https://dolr.gov.in,Secretary,Shri Anand Raman,PSO,32043,"24011515,16,17",,https://dolr.gov.in/whos-who/
Department of Land Resources (DLR),https://dolr.gov.in,Secretary,Shri Rakesh Roshan,PPS,32044,"24011515,16,17",,https://dolr.gov.in/whos-who/
Department of Land Resources (DLR),https://dolr.gov.in,Additional Secretary,Shri Rajiv Sharma,Senior PPS,32040,,asoffice-dolr@gov.in,https://dolr.gov.in/whos-who/
Department of Land Resources (DLR),https://dolr.gov.in,Joint Secretary Land Regulations,Shri P Narahari,Joint Secretary,"32047,48",,jslr-dolr@nic.in,https://dolr.gov.in/whos-who/
Department of Land Resources (DLR),https://dolr.gov.in,Joint Secretary & Financial Advisor,Ms. Tanuja Thakur Khalkho,Joint Secretary & Financial Advisor,32037,,jsfa-mord@nic.in,https://dolr.gov.in/whos-who/
Department of Land Resources (DLR),https://dolr.gov.in,Joint Secretary & Financial Advisor,Shri Harish Kumar,PPS To JS & FA,32036,,,https://dolr.gov.in/whos-who/
Department of Land Resources (DLR),https://dolr.gov.in,Economic Advisor (Administration & Coordination),Shri P.K Abdul Kareem,Economic Advisor,32018,"24011520,21",pka.kareem@nic.in,https://dolr.gov.in/whos-who/
Department of Land Resources (DLR),https://dolr.gov.in,Economic Advisor (Administration & Coordination),Smt Kusum Rajora,Sr. PPS,32017,,,https://dolr.gov.in/whos-who/
Department of Land Resources (DLR),https://dolr.gov.in,Joint Secretary (Watershed Management),Shri Nitin Khade,Joint Secretary,201,,jswm-dolr@nic.in,https://dolr.gov.in/whos-who/
Department of Land Resources (DLR),https://dolr.gov.in,Joint Secretary (Watershed Management),Smt Geeta Jain,PPS to JS(WM),203,,,https://dolr.gov.in/whos-who/
Department of Land Resources (DLR),https://dolr.gov.in,Joint Secretary (Watershed Management),Smt Shruti Kapoor,PS to JS(WM),203,,,https://dolr.gov.in/whos-who/
Department of Land Resources (DLR),https://dolr.gov.in,Deputy Director General (Program Management & Evaluation),Dr. Sanjay Kumar,DDG,602,,ddgpme-dolr@gov.in,https://dolr.gov.in/whos-who/
Department of Land Resources (DLR),https://dolr.gov.in,Chief Controller of Accounts,Shri Akhilesh Jha,Chief Controller of Accounts,32001,,cca-mord@gov.in,https://dolr.gov.in/whos-who/
Department of Land Resources (DLR),https://dolr.gov.in,Chief Controller of Accounts,Shri Subhash Chander,PS to CCA,270-A,,subhash.chander90@gov.in,https://dolr.gov.in/whos-who/
Department of Land Resources (DLR),https://dolr.gov.in,Land Regulations Division,Shri Shyam Kumar,Director,30003,,shyamkumar.dad@gov.in,https://dolr.gov.in/whos-who/
Department of Land Resources (DLR),https://dolr.gov.in,Land Regulations Division,Shri Amit Kumar Singh,Director,30005,,amitkumarsingh@ord.gov.in,https://dolr.gov.in/whos-who/
Department of Land Resources (DLR),https://dolr.gov.in,Land Regulations Division,Shri Sarvadanand Barnwal,Director,30006,,sanand.b@gov.in,https://dolr.gov.in/whos-who/
Department of Land Resources (DLR),https://dolr.gov.in,Land Regulations Division,Shri Ashesh Kumar,Deputy Secretary,30021,,ashesh.dotkumar@nic.in,https://dolr.gov.in/whos-who/
Department of Land Resources (DLR),https://dolr.gov.in,Land Regulations Division,Shri Ajit Kumar,Deputy Secretary,30002,,ajit.kumar67@nic.in,https://dolr.gov.in/whos-who/
Department of Land Resources (DLR),https://dolr.gov.in,Land Regulations Division,Shri Sant Ram,Joint Director,,,santram@gov.in,https://dolr.gov.in/whos-who/
Department of Land Resources (DLR),https://dolr.gov.in,Land Regulations Division,Shri Naval Singh Meena,Deputy Director,32020,,navalsingh.meena@nic.in,https://dolr.gov.in/whos-who/
Department of Land Resources (DLR),https://dolr.gov.in,Land Regulations Division,Shri Girnish Kumar,Under Secretary,32020,,girnish.kumar@nic.in,https://dolr.gov.in/whos-who/
Department of Land Resources (DLR),https://dolr.gov.in,Land Regulations Division,Shri Mayank Paul,Section Officer,32020,,mayank.paul@gov.in,https://dolr.gov.in/whos-who/
Department of Land Resources (DLR),https://dolr.gov.in,Land Regulations Division,Smt. Meenu Grover,Section Officer,32020,,meenu.grover@gov.in,https://dolr.gov.in/whos-who/
Department of Land Resources (DLR),https://dolr.gov.in,Land Regulations Division,Smt. Neeruj Bharti Jaswal,Section Officer,32020,,neeruj.38@nic.in,https://dolr.gov.in/whos-who/
Department of Land Resources (DLR),https://dolr.gov.in,Administration and Coordination Division,Shri Vivek Narayan,Deputy Secretary,211-A,,vivek.narayan14@nic.in,https://dolr.gov.in/whos-who/
Department of Land Resources (DLR),https://dolr.gov.in,Administration and Coordination Division,Shri Arjun Rana,Under Secretary,32020,,arjun.rana@nic.in,https://dolr.gov.in/whos-who/
Department of Land Resources (DLR),https://dolr.gov.in,Administration and Coordination Division,Shri Pushpinder Singh,Section Officer,32020,,pushpinder.thukral@gov.in,https://dolr.gov.in/whos-who/
Department of Land Resources (DLR),https://dolr.gov.in,Administration and Coordination Division,Shri Ajit Balanujan,Section Officer,32020,,ajit.balanujan@gov.in,https://dolr.gov.in/whos-who/
Department of Land Resources (DLR),https://dolr.gov.in,Administration and Coordination Division,Shri Pransenjit Roy Chowdhury,Section Officer,32020,,prasenjit.roy@gov.in,https://dolr.gov.in/whos-who/
Department of Land Resources (DLR),https://dolr.gov.in,Watershed Management Division,Dr. C. P. Reddy,Senior Additional Commissioner (WM),205,,drcpreddy@nic.in,https://dolr.gov.in/whos-who/
Department of Land Resources (DLR),https://dolr.gov.in,Watershed Management Division,Shri Sami Ahmad Khan,Deputy Secretary,,,sa.khan15@gov.in,https://dolr.gov.in/whos-who/
Department of Land Resources (DLR),https://dolr.gov.in,Watershed Management Division,Shri Sachin Gupta,Deputy Advisor(Forestry),,,ap224@ifs.nic.in,https://dolr.gov.in/whos-who/
Department of Land Resources (DLR),https://dolr.gov.in,Watershed Management Division,Shri Siam Khan Muan Guite,Deputy Advisior,206,,agmu226@ifs.nic.in,https://dolr.gov.in/whos-who/
Department of Land Resources (DLR),https://dolr.gov.in,Watershed Management Division,Prem Nath,Under Secretary,,,prem.n@nic.in,https://dolr.gov.in/whos-who/
Department of Land Resources (DLR),https://dolr.gov.in,Watershed Management Division,Smt. Shanoo Bhatt,Assistant Commissioner (WM),201,,shanoo.bhatt@nic.in,https://dolr.gov.in/whos-who/
Department of Land Resources (DLR),https://dolr.gov.in,Watershed Management Division,Shri Abid Hussian,Technical Officer,211-B,,abid.hussain44@gov.in,https://dolr.gov.in/whos-who/
Department of Land Resources (DLR),https://dolr.gov.in,Watershed Management Division,Shri Manoj Kumar Gaour,Technical Officer,201,,manoj.gaour@nic.in,https://dolr.gov.in/whos-who/
Department of Land Resources (DLR),https://dolr.gov.in,Programme Monitoring & Evaluation (PME) Division,Shri Paresh Malakar,Deputy Secretary(PME),,,paresh.malakar@nic.in,https://dolr.gov.in/whos-who/
Department of Land Resources (DLR),https://dolr.gov.in,Programme Monitoring & Evaluation (PME) Division,Shri Ravi Garg,Under Secretary,608,,ravi.garg@nic.in,https://dolr.gov.in/whos-who/
Department of Land Resources (DLR),https://dolr.gov.in,Programme Monitoring & Evaluation (PME) Division,Shri Sandip Nonia,Section Officer,625,,sandipk.edu@gov.in,https://dolr.gov.in/whos-who/
Department of Land Resources (DLR),https://dolr.gov.in,Integrated Finance Division,Shri S. Chatterjee,Deputy Secretary,30020,,subrata.chatterjee68@nic.in,https://dolr.gov.in/whos-who/
Department of Land Resources (DLR),https://dolr.gov.in,Integrated Finance Division,Shri Vikash Kumar,Under Secretary,32020,,vikash.kumar98@nic.in,https://dolr.gov.in/whos-who/
Department of Land Resources (DLR),https://dolr.gov.in,Integrated Finance Division,Shri Manish Giri,Section Officer,32020,,manish.giri@gov.in,https://dolr.gov.in/whos-who/
Department of Land Resources (DLR),https://dolr.gov.in,NIC Unit,Shri Ajay Madhukar Joshi,Deputy Director General & HOG,,,amjoshi@nic.in,https://dolr.gov.in/whos-who/
Department of Land Resources (DLR),https://dolr.gov.in,NIC Unit,Dr. Ganesh Khadanga,Deputy Director General & HOD,30026,,ganesh@nic.in,https://dolr.gov.in/whos-who/
Department of Land Resources (DLR),https://dolr.gov.in,Official Language (Hindi),Shri Naresh Kumar,Deputy Director,32020,,hindi-dolr@nic.in naresh.kmr32@gov.in,https://dolr.gov.in/whos-who/
Department of Pharmaceuticals (DoPs),https://pharma-dept.gov.in,Contact Details,Shri Jagat Prakash Nadda,Minister (C&F),,"24014850, 24014781",min-cnf@gov.in,https://pharma-dept.gov.in/whos-who
Department of Pharmaceuticals (DoPs),https://pharma-dept.gov.in,Contact Details,Shri Harsh Dikshit,PS to Minister (C&F),,"24014850, 24014781",harsh.dikshit.ias@nic.in,https://pharma-dept.gov.in/whos-who
Department of Pharmaceuticals (DoPs),https://pharma-dept.gov.in,Contact Details,Shri Sudershan Sharma,Addl.PS to Minister (C&F),,"24013301, 24013302, 24013330",sudershan.sharma76@gov.in,https://pharma-dept.gov.in/whos-who
Department of Pharmaceuticals (DoPs),https://pharma-dept.gov.in,Contact Details,Shri Amit Sharma,Addl.PS to Minister (C&F),,"24013301, 24013302, 24013330",amit.s82@gov.in,https://pharma-dept.gov.in/whos-who
Department of Pharmaceuticals (DoPs),https://pharma-dept.gov.in,Contact Details,Shri Himanshu Singh,Addl.PS to Minister (C&F),,"24013301, 24013302, 24013330",himanshu.singh97@gov.in,https://pharma-dept.gov.in/whos-who
Department of Pharmaceuticals (DoPs),https://pharma-dept.gov.in,Contact Details,Shri. Gaurav Kumar Raj,"SO, O/o HMCF",,"24014850, 24014781",gaurav.raj@gov.in,https://pharma-dept.gov.in/whos-who
Department of Pharmaceuticals (DoPs),https://pharma-dept.gov.in,Contact Details,Shri. Himanshu Bedi,Second PA to Min. (C&F),,"24014850, 24014781",himanshu.bedi@gov.in,https://pharma-dept.gov.in/whos-who
Department of Pharmaceuticals (DoPs),https://pharma-dept.gov.in,Contact Details,Ms. Anupriya Patel,MOS (C&F),,"23381768, 23383686, 23382364",mos-cf@gov.in,https://pharma-dept.gov.in/whos-who
Department of Pharmaceuticals (DoPs),https://pharma-dept.gov.in,Contact Details,Shri Akhilesh Kumar,PS to MOS (C&F),,"23381768, 23383686, 23382364",mos-cf@gov.in,https://pharma-dept.gov.in/whos-who
Department of Pharmaceuticals (DoPs),https://pharma-dept.gov.in,Contact Details,Shri Manoj Joshi,Secretary,,"24016301, 24016302",secretary@pharma-dept.gov.in,https://pharma-dept.gov.in/whos-who
Department of Pharmaceuticals (DoPs),https://pharma-dept.gov.in,Contact Details,Shri Awadhesh Kumar Choudhary,"Sr Economic Advisor (Pricing, FDI, NIPER)",,"24016303, 24016304",Head-NIPER@pharma-dept.gov.in Head-PricingPolicy@pharma-dept.gov.in Head-FDIcell@pharma-dept.gov.in,https://pharma-dept.gov.in/whos-who
Department of Pharmaceuticals (DoPs),https://pharma-dept.gov.in,Contact Details,Shri Manoj Sethi,Joint Secretary & Financial Advisor,,,asfa-mocf@nic.in,https://pharma-dept.gov.in/whos-who
Department of Pharmaceuticals (DoPs),https://pharma-dept.gov.in,Contact Details,Shri. Satyaprakash T L,"Joint Secretary (PSU, Pharmaceutical Policy, PMBJP)",,"23385131, 24016305, 24016306",Head-PharmaPolicy@pharma-dept.gov.in Head-PSEmatters@pharma-dept.gov.in Head-JanAushadhi@pharma-dept.gov.in,https://pharma-dept.gov.in/whos-who
Department of Pharmaceuticals (DoPs),https://pharma-dept.gov.in,Contact Details,Shri Aman Sharma,"Joint Secretary (Medical Device, Infotech, Media, Coordination and Parliament)",,,Head-MedicalDevices@pharma-dept.gov.in Head-Infotech@pharma-dept.gov.in head-coordination@pharma-dept.gov.in head-parlunit@pharma-dept.gov.in,https://pharma-dept.gov.in/whos-who
Department of Pharmaceuticals (DoPs),https://pharma-dept.gov.in,Contact Details,Shri. Vishal Vishwanath Nair,"Economic Advisor (Vigilance, International Cooperation, Rajbhasha )",,,Head-InternationalCoop@pharma-dept.gov.in Head-Rajbhasha@pharma-dept.gov.in CVO@pharma-dept.gov.in,https://pharma-dept.gov.in/whos-who
Department of Pharmaceuticals (DoPs),https://pharma-dept.gov.in,Contact Details,Shri Rahul Sharma,Statistical Adviser,,,ddg-dop@pharma-dept.gov.in,https://pharma-dept.gov.in/whos-who
Department of Pharmaceuticals (DoPs),https://pharma-dept.gov.in,Contact Details,Shri Santosh Kumar,Chief Controller of Account,,,cca-mocf@gov.in,https://pharma-dept.gov.in/whos-who
Department of Pharmaceuticals (DoPs),https://pharma-dept.gov.in,Contact Details,Dr. Sachin Bhadane,Controller of Accounts,,,sachin.bhadane@gov.in,https://pharma-dept.gov.in/whos-who
Department of Pharmaceuticals (DoPs),https://pharma-dept.gov.in,Contact Details,Shri Kumar Aman Bharti,Director (NIPER),,,divhead-niper@pharma-dept.gov.in,https://pharma-dept.gov.in/whos-who
Department of Revenue (DoR),https://dor.gov.in,Draft Model GST Laws,Nirmala Sitharaman,Hon’ble Finance Minister,,"011-24012101, 011-24012102","fmo@nic.in, appointment.fm@gov.in",https://dor.gov.in/index.php/whos-who
Department of Revenue (DoR),https://dor.gov.in,Draft Model GST Laws,Anirudh Sravan Pulipaka,PS to FM,,"011-24012101, 011-24012102",fmo@nic.in,https://dor.gov.in/index.php/whos-who
Department of Revenue (DoR),https://dor.gov.in,Draft Model GST Laws,Ankit Jalan,Addl. PS to FM,,"011-24012101, 011-24012102",ankit.jalan@gov.in,https://dor.gov.in/index.php/whos-who
Department of Revenue (DoR),https://dor.gov.in,Draft Model GST Laws,Karma Sonam Zangpo Lhasungpa,Addl. PS to FM,,"011-24012101, 011-24012102, 011-24012103",fmo@nic.in,https://dor.gov.in/index.php/whos-who
Department of Revenue (DoR),https://dor.gov.in,Draft Model GST Laws,B N Bhaskar,Addl. PS to FM,,"011-24012101, 011-24012102",fmo@nic.in,https://dor.gov.in/index.php/whos-who
Department of Revenue (DoR),https://dor.gov.in,Draft Model GST Laws,Shri Sernya Bhutia,APS to FM,,"011-24012101, 011-24012102, 011-24012103",fmo@nic.in,https://dor.gov.in/index.php/whos-who
Department of Revenue (DoR),https://dor.gov.in,Draft Model GST Laws,Anil Yadav,US,,"011-24012101, 011-24012102",fmo@nic.in,https://dor.gov.in/index.php/whos-who
Department of Revenue (DoR),https://dor.gov.in,Draft Model GST Laws,Ram Rashik Mandal,US,,,fmo@nic.in,https://dor.gov.in/index.php/whos-who
Department of Revenue (DoR),https://dor.gov.in,Draft Model GST Laws,Vishnu Singh,1st PA,,,fmo@nic.in,https://dor.gov.in/index.php/whos-who
Department of Revenue (DoR),https://dor.gov.in,Draft Model GST Laws,Shashank Singh,1st PA,,,fmo@nic.in,https://dor.gov.in/index.php/whos-who
Department of Revenue (DoR),https://dor.gov.in,Draft Model GST Laws,Pankaj Chaudhary,Hon’ble MOS (Finance),,"011-24012401, 011-24012402, 011-24012403, 011-24012404,",mosfinance@nic.in,https://dor.gov.in/index.php/whos-who
Department of Revenue (DoR),https://dor.gov.in,Draft Model GST Laws,Rishirendra Kumar,PS to MOS,,"011-24012401, 011-24012402, 011-24012403, 011-24012404,",rishirendra.kumar@ias.nic.in,https://dor.gov.in/index.php/whos-who
Department of Revenue (DoR),https://dor.gov.in,Draft Model GST Laws,Shri Alkesh Uttam,OSD to MOS,,"011-24012401, 011-24012402, 011-24012403, 011-24012404,",alkesh.uttam@gov.in,https://dor.gov.in/index.php/whos-who
Department of Revenue (DoR),https://dor.gov.in,Draft Model GST Laws,Gaurav Shukla,US O/o MOS,,"011-24012401, 011-24012402, 011-24012403, 011-24012404,",gauravshukla@nic.in,https://dor.gov.in/index.php/whos-who
Department of Revenue (DoR),https://dor.gov.in,Draft Model GST Laws,Neeraj Mishra,APS,,"011-24012401, 011-24012402, 011-24012403, 011-24012404,",mosfinance@nic.in,https://dor.gov.in/index.php/whos-who
Department of Revenue (DoR),https://dor.gov.in,Draft Model GST Laws,Dhruv Narayan Srivastava,1st PA,,"011-24012401, 011-24012402, 011-24012403, 011-24012404,",mosfinance@nic.in,https://dor.gov.in/index.php/whos-who
Department of Revenue (DoR),https://dor.gov.in,Draft Model GST Laws,Ashish Kumar Dubey,2nd PA,,,-,https://dor.gov.in/index.php/whos-who
Department of Revenue (DoR),https://dor.gov.in,Draft Model GST Laws,Shri Arvind Shrivastava,Secretary (Revenue),,"011-24012501,24012502,24012503,",rsecy@nic.in,https://dor.gov.in/index.php/whos-who
Department of Revenue (DoR),https://dor.gov.in,Draft Model GST Laws,Deepak Kapoor,OSD to RS,,"011-24012501,24012502,24012503,",kapoor.deepak@gov.in,https://dor.gov.in/index.php/whos-who
Department of Revenue (DoR),https://dor.gov.in,Draft Model GST Laws,Vacant Pso To Rs Office,PSO to RS,,"011-24012501,24012502,24012503",-,https://dor.gov.in/index.php/whos-who
Department of Revenue (DoR),https://dor.gov.in,Draft Model GST Laws,Sanjeev Kumar Sharma,PPS to RS,,"011-24012501,24012502,24012503,",sanjeev_sh@nic.in,https://dor.gov.in/index.php/whos-who
Department of Revenue (DoR),https://dor.gov.in,Draft Model GST Laws,Akash Singh,PPS To RS,,"011-24012501,24012502,24012503,",akash.singh1974@nic.in,https://dor.gov.in/index.php/whos-who
Department of Revenue (DoR),https://dor.gov.in,Draft Model GST Laws,Neetu Kumari Prasad,Additional Secretary (Rev.),,"011-24012601,24012603",revas-mof@nic.in,https://dor.gov.in/index.php/whos-who
Department of Revenue (DoR),https://dor.gov.in,Draft Model GST Laws,Dilip Kandulna,PPS to Additional Secretary (Rev),,"011-24012601,24012603",revas-mof@nic.in,https://dor.gov.in/index.php/whos-who
Department of Revenue (DoR),https://dor.gov.in,Draft Model GST Laws,Inderjeet Arora,PSO(consultant) to Additional Secretary(Rev),,"011-24012601,24012603,24012600",revas-mof@nic.in,https://dor.gov.in/index.php/whos-who
Department of Revenue (DoR),https://dor.gov.in,Draft Model GST Laws,Shankar Lal Kumawat,Joint Secretary (Revenue),,"011-24012411,24012412",jsrev@nic.in,https://dor.gov.in/index.php/whos-who
Department of Revenue (DoR),https://dor.gov.in,Draft Model GST Laws,Kamla Bisht,PPS to Joint Secretary (Revenue),,"011-24012411,24012412",-,https://dor.gov.in/index.php/whos-who
Department of Revenue (DoR),https://dor.gov.in,Draft Model GST Laws,Ashish Sharma,Ps To JS(Rev),,"011-24012411, 24012412,",-,https://dor.gov.in/index.php/whos-who
Department of Revenue (DoR),https://dor.gov.in,Draft Model GST Laws,Balasubramanian Krishnamurthy,"Joint Secretary(TPRU,ST&FATF)",,"011-24012420,24012421",js-dor@gov.in,https://dor.gov.in/index.php/whos-who
Department of Revenue (DoR),https://dor.gov.in,Draft Model GST Laws,Vandana Kohli,PPS to JS(TPRU),,"011-24012420,24012421",vandana.1977@gov.in,https://dor.gov.in/index.php/whos-who
Department of Revenue (DoR),https://dor.gov.in,Draft Model GST Laws,Manu J Vettickan,Director (Coord),,"011-24012460,24012461",dir-coord-dor@gov.in,https://dor.gov.in/index.php/whos-who
Department of Revenue (DoR),https://dor.gov.in,Draft Model GST Laws,Jatin Kumar,US (Ad.I),,011-24012586,jatin.kumar86@nic.in,https://dor.gov.in/index.php/whos-who
Department of Revenue (DoR),https://dor.gov.in,Draft Model GST Laws,Vacant (So (Ad I),SO (Ad.I),,011-24012589,-,https://dor.gov.in/index.php/whos-who
Department of Revenue (DoR),https://dor.gov.in,Draft Model GST Laws,Sipendra Kumar,SO (Ad.I),,,sipendra.kumar@gov.in,https://dor.gov.in/index.php/whos-who
Department of Revenue (DoR),https://dor.gov.in,Draft Model GST Laws,Rajat Gupta,SO (Ad.I),,011-24012588,rajat.gupta41@nic.in,https://dor.gov.in/index.php/whos-who
Department of Revenue (DoR),https://dor.gov.in,Draft Model GST Laws,Avneesh Pratap Singh,US (C & AT & AAR),,011-24012544,avneeshpratap.singh@gov.in,https://dor.gov.in/index.php/whos-who
Department of Revenue (DoR),https://dor.gov.in,Draft Model GST Laws,Deepak Bansal,SO (Ad.IC & CA Cell),,011-24012549,-,https://dor.gov.in/index.php/whos-who
Department of Revenue (DoR),https://dor.gov.in,Draft Model GST Laws,Dharam Singh Meena,SO (Ad.IC),,,meena.dharam@nic.in,https://dor.gov.in/index.php/whos-who
Department of Revenue (DoR),https://dor.gov.in,Draft Model GST Laws,L Seikholen Haokip,SO (GSTAT),,011-24012547,-,https://dor.gov.in/index.php/whos-who
Department of Revenue (DoR),https://dor.gov.in,Draft Model GST Laws,Karan Choudhary,OSD (ES Cell),,,-,https://dor.gov.in/index.php/whos-who
Department of Revenue (DoR),https://dor.gov.in,Draft Model GST Laws,Prashant Yadav,SO (ES Cell),,011-24012620,-,https://dor.gov.in/index.php/whos-who
Department of Revenue (DoR),https://dor.gov.in,Draft Model GST Laws,Rajeev Lochan,US (Ad. ED),,011-24012558,lochan.r13@nic.in,https://dor.gov.in/index.php/whos-who
Department of Revenue (DoR),https://dor.gov.in,Draft Model GST Laws,Gaurav Rana,SO (Ad.ED),,011-24012559,gk.rana@nic.in,https://dor.gov.in/index.php/whos-who
Department of Revenue (DoR),https://dor.gov.in,Draft Model GST Laws,Abhishek Toppo,SO (Ad.ED),,011-24012560,-,https://dor.gov.in/index.php/whos-who
Department of Revenue (DoR),https://dor.gov.in,Draft Model GST Laws,Vacant ( Dir (Ol) ),Dir. (OL),,"011-24012490,24012491",-,https://dor.gov.in/index.php/whos-who
Department of Revenue (DoR),https://dor.gov.in,Draft Model GST Laws,Smarak Swain,Director (Admn.),,011-24012430.24012431,smarak.swain@gov.in,https://dor.gov.in/index.php/whos-who
Department of Revenue (DoR),https://dor.gov.in,Draft Model GST Laws,Parveen,US (Ad.I-A&B),,011-24012591,parveen.05@gov.in,https://dor.gov.in/index.php/whos-who
Department of Revenue (DoR),https://dor.gov.in,Draft Model GST Laws,Sonal Ganwani,SO (Ad.I-A),,011-24012594,sonal.ganwani@gov.in,https://dor.gov.in/index.php/whos-who
Department of Revenue (DoR),https://dor.gov.in,Draft Model GST Laws,Ravi Kumar Kalyan,SO (Ad.I-A),,011-24012593,ravi.kalyan@gov.in,https://dor.gov.in/index.php/whos-who
Department of Revenue (DoR),https://dor.gov.in,Draft Model GST Laws,Ravikant Sonkar,SO (Ad.I-B),,011-24012596,ravikant.sonkar@nic.in,https://dor.gov.in/index.php/whos-who
Department of Revenue (DoR),https://dor.gov.in,Draft Model GST Laws,Rahul Ray,SO (Ad.I-B),,011-24012595,rahul.ray@nic.in,https://dor.gov.in/index.php/whos-who
Department of Revenue (DoR),https://dor.gov.in,Draft Model GST Laws,Saurabh Kumar,"Director (Parliament, Pers. & Vig.)",,"011-24012450 , 24012451",dirhq-dor@gov.in,https://dor.gov.in/index.php/whos-who
Department of Revenue (DoR),https://dor.gov.in,Draft Model GST Laws,Faridulla Sarkar,US (Parliament),,011-24012616,sarkar.farid@gov.in,https://dor.gov.in/index.php/whos-who
Department of Revenue (DoR),https://dor.gov.in,Draft Model GST Laws,So (Parliament),SO (Parliament),,011-24012617,-,https://dor.gov.in/index.php/whos-who
Department of Revenue (DoR),https://dor.gov.in,Draft Model GST Laws,Hemraj Meena,US Coord. (Rev.Hqrs.),,011-24012556,uscoor.dor@gov.in,https://dor.gov.in/index.php/whos-who
Department of Revenue (DoR),https://dor.gov.in,Draft Model GST Laws,Sagar Mann,SO (Coord.),,011-24012557,so.coord-rev@gov.in,https://dor.gov.in/index.php/whos-who
Department of Revenue (DoR),https://dor.gov.in,Draft Model GST Laws,Prem Kumar Mandal,US (TC),,011-24012562,-,https://dor.gov.in/index.php/whos-who
Department of Revenue (DoR),https://dor.gov.in,Draft Model GST Laws,Piyush Jain,SO (TC),,011-24012563,piyush.jain@nic.in,https://dor.gov.in/index.php/whos-who
Department of Revenue (DoR),https://dor.gov.in,Draft Model GST Laws,Faridulla Sarkar,US (Pers & Vig.),,011-24012579,sarkar.fari@gov.in,https://dor.gov.in/index.php/whos-who
Department of Revenue (DoR),https://dor.gov.in,Draft Model GST Laws,Sangeeta Meena,SO (Vig. Cell),,011-24012580,-,https://dor.gov.in/index.php/whos-who
Department of Revenue (DoR),https://dor.gov.in,Draft Model GST Laws,Sunita Gangwar,SO (HQ Pers),,011-24012581,-,https://dor.gov.in/index.php/whos-who
Department of Revenue (DoR),https://dor.gov.in,Draft Model GST Laws,Vinod Kumar,"Dir. (NC, GAR, CC, Cash & Protocol)",,"011-24012470 , 24012471",dirnc-dor@nic.in,https://dor.gov.in/index.php/whos-who
Department of Revenue (DoR),https://dor.gov.in,Draft Model GST Laws,Ashish Kumar Shukla,US (NC-I),,011-24012569,ashish.shukla@nic.in,https://dor.gov.in/index.php/whos-who
Department of Revenue (DoR),https://dor.gov.in,Draft Model GST Laws,Ghanshyam Meena,SO (NC-I),,011-24012570,g.meena89@nic.in,https://dor.gov.in/index.php/whos-who
Department of Revenue (DoR),https://dor.gov.in,Draft Model GST Laws,Ashish Grover,SO (NC-I),,011-24012571,ashish.grover@gov.in,https://dor.gov.in/index.php/whos-who
Department of Revenue (DoR),https://dor.gov.in,Draft Model GST Laws,Mukesh Sundriyal,US (NC-II),,011-24012621,sundriyal.mukesh@nic.in,https://dor.gov.in/index.php/whos-who
Department of Revenue (DoR),https://dor.gov.in,Draft Model GST Laws,Kuldeep Kirti,SO (NC-II),,011-24012622,kuldeep.kirti@gov.in,https://dor.gov.in/index.php/whos-who
Department of Revenue (DoR),https://dor.gov.in,Draft Model GST Laws,Nilesh Kumar,SO (Computer Cell),,011-24012615,nilesh.kumar89@nic.in,https://dor.gov.in/index.php/whos-who
Department of Revenue (DoR),https://dor.gov.in,Draft Model GST Laws,Pramod Kumar,US (GAR),,,usgar-dor@gov.in,https://dor.gov.in/index.php/whos-who
Department of Revenue (DoR),https://dor.gov.in,Draft Model GST Laws,Vacant Us(Cash),Under Secretary (Cash),,011-24012564,-,https://dor.gov.in/index.php/whos-who
Department of Revenue (DoR),https://dor.gov.in,Draft Model GST Laws,Pankaj Nain,DDO (Cash),,011-24012566,-,https://dor.gov.in/index.php/whos-who
Department of Revenue (DoR),https://dor.gov.in,Draft Model GST Laws,Vacant So (Cash),SO (Cash),,011-24012565,-,https://dor.gov.in/index.php/whos-who
Department of Revenue (DoR),https://dor.gov.in,Draft Model GST Laws,Anurag Gothwal,SO (IWSU & Record Cell),,011-24012567,anurag.gothwal@nic.in,https://dor.gov.in/index.php/whos-who
Department of Revenue (DoR),https://dor.gov.in,Draft Model GST Laws,Devarjun Meena,SO (Protocol),,011-24012568,-,https://dor.gov.in/index.php/whos-who
Department of Revenue (DoR),https://dor.gov.in,Draft Model GST Laws,Vikash Singh Meena,SO (GAR),,011-24012612,vs.meena90@nic.in,https://dor.gov.in/index.php/whos-who
Department of Revenue (DoR),https://dor.gov.in,Draft Model GST Laws,Tirath,SO (GAR),,011-24012612,tirath.atoliya@gov.in,https://dor.gov.in/index.php/whos-who
Department of Revenue (DoR),https://dor.gov.in,Draft Model GST Laws,Vikash Kumar,DS (ST),,"011-24012480,24012481",-,https://dor.gov.in/index.php/whos-who
Department of Revenue (DoR),https://dor.gov.in,Draft Model GST Laws,Vacant Us (St-I),US (State Tax-I),,011-240550,-,https://dor.gov.in/index.php/whos-who
Department of Revenue (DoR),https://dor.gov.in,Draft Model GST Laws,Vijay Singh,SO (State Tax-I),,011-24012554,-,https://dor.gov.in/index.php/whos-who
Department of Revenue (DoR),https://dor.gov.in,Draft Model GST Laws,Muthuraman C,US (State Tax-II),,011-24012553,muthuraman.c@gov.in,https://dor.gov.in/index.php/whos-who
Department of Revenue (DoR),https://dor.gov.in,Draft Model GST Laws,So (State Tax-Ii),SO (State Tax-II),,011-2410552,-,https://dor.gov.in/index.php/whos-who
Department of Revenue (DoR),https://dor.gov.in,Draft Model GST Laws,Dinesh Kumar Meena,SO (State Tax-II),,,-,https://dor.gov.in/index.php/whos-who
Department of Revenue (DoR),https://dor.gov.in,Draft Model GST Laws,Smarak Swain,"Director, FATF",,011-24012430.24012431,smarak.swain@gov.in,https://dor.gov.in/index.php/whos-who
Department of Revenue (DoR),https://dor.gov.in,Draft Model GST Laws,Kanika Wadhwan,"Joint Director, OSD FATF",,"011-24012440 , 24012441",kanika.wadhwan@gov.in,https://dor.gov.in/index.php/whos-who
Department of Revenue (DoR),https://dor.gov.in,Draft Model GST Laws,Shreyas,"OSD, FATF",,,-,https://dor.gov.in/index.php/whos-who
Department of Revenue (DoR),https://dor.gov.in,Draft Model GST Laws,Megha Sidhu,"OSD, FATF",,"011-24012442 , 24012443",-,https://dor.gov.in/index.php/whos-who
Department of Revenue (DoR),https://dor.gov.in,Draft Model GST Laws,Rimjhim Panday,"OSD, FATF",,,-,https://dor.gov.in/index.php/whos-who
Department of Revenue (DoR),https://dor.gov.in,Draft Model GST Laws,Vacant So (Fatf),SO (FATF),,,-,https://dor.gov.in/index.php/whos-who
Department of Revenue (DoR),https://dor.gov.in,Draft Model GST Laws,Prashant Sagar,"OSD, FATF Cell",,,-,https://dor.gov.in/index.php/whos-who
Department of Revenue (DoR),https://dor.gov.in,Draft Model GST Laws,Saransh Mahajan,"OSD,FATF Cell",,011-24012443,saransh.mahajan@gov.in,https://dor.gov.in/index.php/whos-who
Department of Revenue (DoR),https://dor.gov.in,Draft Model GST Laws,Vacant Dir(Fin/Dt),Director(Fin/DT),,"011-24012530 , 24012531",-,https://dor.gov.in/index.php/whos-who
Department of Revenue (DoR),https://dor.gov.in,Draft Model GST Laws,Sunish S,Director Fin/HQ&CBIC,,011-24012520,-,https://dor.gov.in/index.php/whos-who
Department of Revenue (DoR),https://dor.gov.in,Draft Model GST Laws,Ravi Nirmal,US(IFU-III/DT),,011-24012585,ravi.nirmal@nic.in,https://dor.gov.in/index.php/whos-who
Department of Revenue (DoR),https://dor.gov.in,Draft Model GST Laws,P K Jha,US(IFU-III),,011-24012582,praween.jha@gov.in,https://dor.gov.in/index.php/whos-who
Department of Revenue (DoR),https://dor.gov.in,Draft Model GST Laws,Om Prakash Meena,US(IFU-B&A/EC-I),,,-,https://dor.gov.in/index.php/whos-who
Department of Revenue (DoR),https://dor.gov.in,Draft Model GST Laws,Amar Singh Meena,Section Officer,,011-24012583,amar.meena90@nic.in,https://dor.gov.in/index.php/whos-who
Department of Revenue (DoR),https://dor.gov.in,Draft Model GST Laws,Sunil Kumar,US(IFU-B&A/EC-II),,,-,https://dor.gov.in/index.php/whos-who
Department of Revenue (DoR),https://dor.gov.in,Draft Model GST Laws,Somnath Ghosh Dastidar,Section Officer,,011-24012584,sg.dastidar40@nic.in,https://dor.gov.in/index.php/whos-who
Department of Revenue (DoR),https://dor.gov.in,Draft Model GST Laws,Manish Gond,SO(IFU B&A&DT),,,-,https://dor.gov.in/index.php/whos-who
Department of Revenue (DoR),https://dor.gov.in,Draft Model GST Laws,Chilkapati Sri Ranga Saket,SO(IFU B&A/EC),,,-,https://dor.gov.in/index.php/whos-who
Department of Revenue (DoR),https://dor.gov.in,Draft Model GST Laws,Anupam Prakash,Joint Secretray,,"24012705,24012706",jscus@nic.in,https://dor.gov.in/index.php/whos-who
Department of Revenue (DoR),https://dor.gov.in,Draft Model GST Laws,Abhijit,Deputy Secretary,,,ds.pitndps@gov.in,https://dor.gov.in/index.php/whos-who
Department of Revenue (DoR),https://dor.gov.in,Draft Model GST Laws,P C Biswas,Deputy Secretary,,,ds.pitndps@gov.in,https://dor.gov.in/index.php/whos-who
Department of Revenue (DoR),https://dor.gov.in,Draft Model GST Laws,Sanjay Kumar Tarun,Under Secretary,,,us.pitndps@gov.in,https://dor.gov.in/index.php/whos-who
Department of Revenue (DoR),https://dor.gov.in,Draft Model GST Laws,Shiv Dutt Shankar,Section Officer,,,so.pitndps@gov.in,https://dor.gov.in/index.php/whos-who
Department of Revenue (DoR),https://dor.gov.in,Draft Model GST Laws,Amit Mohan Govil,DG,,"23739367, FAX : 23328958, 23328926",dirgen.ceib@gov.in,https://dor.gov.in/index.php/whos-who
Department of Revenue (DoR),https://dor.gov.in,Draft Model GST Laws,Anupam Prakash,Joint Secretary (COFEPOSA),,"24012705,24012706",jscus@nic.in,https://dor.gov.in/index.php/whos-who
Department of Revenue (DoR),https://dor.gov.in,Draft Model GST Laws,Pradyumn Kumar Tripathi,ADG (EI-I),,,adg-ei1ceib@gov.in,https://dor.gov.in/index.php/whos-who
Department of Revenue (DoR),https://dor.gov.in,Draft Model GST Laws,Prashant Kumar Jha,ADG (Coord./EI-II & Admn.),,,adgcoord-ceib@gov.in,https://dor.gov.in/index.php/whos-who
Department of Revenue (DoR),https://dor.gov.in,Draft Model GST Laws,Pawan Kumar Mittal,Director (COFEPOSA),,,mittal.pk65@nic.in,https://dor.gov.in/index.php/whos-who
Department of Revenue (DoR),https://dor.gov.in,Draft Model GST Laws,Vivek Gulati,Joint Director (Coord. & EI-II),,,vivek.gulati@incometax.gov.in,https://dor.gov.in/index.php/whos-who
Department of Revenue (DoR),https://dor.gov.in,Draft Model GST Laws,Ankita Singh,Joint Director (EI-IA & Admin.),,,addl-dir1-ceib@gov.in,https://dor.gov.in/index.php/whos-who
Department of Revenue (DoR),https://dor.gov.in,Draft Model GST Laws,Aditya R Bhojgadhiya,Deputy Secretary (EI-1B),,,bhojgadhiyaar@cag.gov.in,https://dor.gov.in/index.php/whos-who
Department of Revenue (DoR),https://dor.gov.in,Draft Model GST Laws,Naresh Kumar,Deputy Secretary (COFEPOSA),,,naresh.kumar67@nic.in,https://dor.gov.in/index.php/whos-who
Department of Revenue (DoR),https://dor.gov.in,Draft Model GST Laws,Sunil Bareja,Deputy Secretary (COFEPOSA),,,sunil.bareja@nic.in,https://dor.gov.in/index.php/whos-who
Department of Revenue (DoR),https://dor.gov.in,Draft Model GST Laws,Nayyar Akhtar,Deputy Director (Coord. & EI-II),,,nayyar.akhtar500@gov.in,https://dor.gov.in/index.php/whos-who
Department of Revenue (DoR),https://dor.gov.in,Draft Model GST Laws,Manjeet,Under Secretary (Admin.),,,-,https://dor.gov.in/index.php/whos-who
Department of Revenue (DoR),https://dor.gov.in,Draft Model GST Laws,Vacant Us(Cash),Under Secretary (Cash & DDO),,,-,https://dor.gov.in/index.php/whos-who
Department of Revenue (DoR),https://dor.gov.in,Draft Model GST Laws,Priyanka Kapoor,Under Secretary (COFEPOSA),,,-,https://dor.gov.in/index.php/whos-who
Department of Revenue (DoR),https://dor.gov.in,Draft Model GST Laws,Jawahar Singh,Section Officer (COFEPOSA),,,jawajar.singh65@nic.in,https://dor.gov.in/index.php/whos-who
Department of Revenue (DoR),https://dor.gov.in,Draft Model GST Laws,Anupma Kumari,Section Officer (Admn. & Cash),,,anupama.kumari@nic.in,https://dor.gov.in/index.php/whos-who
Department of Revenue (DoR),https://dor.gov.in,Draft Model GST Laws,Ravi Agrawal,Chairman (CBDT),,"011-2401220 , 2401221",chairmancbdt@nic.in,https://dor.gov.in/index.php/whos-who
Department of Revenue (DoR),https://dor.gov.in,Draft Model GST Laws,Girdher Sharma,Sr. PPS to Chairman (CBDT),,"011-2401220 , 2401221",girdher.sharma@nic.in,https://dor.gov.in/index.php/whos-who
Department of Revenue (DoR),https://dor.gov.in,Draft Model GST Laws,Rajaskhar Reddy Lakhadi,Member (S&FS),,"24012280 , 24012281",member.systems.cbdt@gov.in,https://dor.gov.in/index.php/whos-who
Department of Revenue (DoR),https://dor.gov.in,Draft Model GST Laws,Jaya Satisha Kumar,"PPS to Member, (CBDT)",,-do-,-,https://dor.gov.in/index.php/whos-who
Department of Revenue (DoR),https://dor.gov.in,Draft Model GST Laws,G Aparna Rao,Member (TPS & R),,"24012260 , 24012262",member.tps.revenue@incometax.gov.in,https://dor.gov.in/index.php/whos-who
Department of Revenue (DoR),https://dor.gov.in,Draft Model GST Laws,Pramod Pant,PPS to Member (TPS&R),,-do-,-,https://dor.gov.in/index.php/whos-who
Department of Revenue (DoR),https://dor.gov.in,Draft Model GST Laws,Mona Singh,Member (A&J),,"24012270 , 24012271, 24012272",member-aj@gov.in,https://dor.gov.in/index.php/whos-who
Department of Revenue (DoR),https://dor.gov.in,Draft Model GST Laws,Ajay Kumar,PS to Member (A&J),,,-,https://dor.gov.in/index.php/whos-who
Department of Revenue (DoR),https://dor.gov.in,Draft Model GST Laws,Prasanjit Singh,Member (L),,"24012240, 24012241,24012242",member.l-cbdt@gov.in,https://dor.gov.in/index.php/whos-who
Department of Revenue (DoR),https://dor.gov.in,Draft Model GST Laws,Amarpreet Kaur,PPS to Member(L),,-do-,-,https://dor.gov.in/index.php/whos-who
Department of Revenue (DoR),https://dor.gov.in,Draft Model GST Laws,Pankaj Kumar Mishra,Member(Admin),,"24012230, 24012231, 24012232",memberadmn-cbdt@gov.in,https://dor.gov.in/index.php/whos-who
Department of Revenue (DoR),https://dor.gov.in,Draft Model GST Laws,Pramod Pant,Sr. PPS to Member Admn. (CBDT),,-do-,-,https://dor.gov.in/index.php/whos-who
Department of Revenue (DoR),https://dor.gov.in,Draft Model GST Laws,Sanjay Bahadur,Member (IT) (CBDT),,"24012250,24012251,24012252",sanjay.bahadur@incometax.gov.in,https://dor.gov.in/index.php/whos-who
Department of Revenue (DoR),https://dor.gov.in,Draft Model GST Laws,Sandeep Behl,Sr. PPS to Member (IT) (CBDT),,,-,https://dor.gov.in/index.php/whos-who
Department of Revenue (DoR),https://dor.gov.in,Draft Model GST Laws,Vinay Kumar Singh,JS (FT&TR-I),,,jsfttr_1@nic.in,https://dor.gov.in/index.php/whos-who
Department of Revenue (DoR),https://dor.gov.in,Draft Model GST Laws,Bimla,PSO to JS (FT&TR-I),,,-,https://dor.gov.in/index.php/whos-who
Department of Revenue (DoR),https://dor.gov.in,Draft Model GST Laws,Bhaskar Goswami,JS (FT&TR-II),,"26104504, 26177527",jsfttr-2@gov.in,https://dor.gov.in/index.php/whos-who
Department of Revenue (DoR),https://dor.gov.in,Draft Model GST Laws,U K Rao,PS to JS (FT&TR-II),,,-,https://dor.gov.in/index.php/whos-who
Department of Revenue (DoR),https://dor.gov.in,Draft Model GST Laws,Pankaj Jindal,JS (TPL-I),,"24012290,24012291",jstpl1@nic.in,https://dor.gov.in/index.php/whos-who
Department of Revenue (DoR),https://dor.gov.in,Draft Model GST Laws,Ranjana Malik,PPS to JS (TPL-I),,-do-,ranjana.malik@nic.in,https://dor.gov.in/index.php/whos-who
Department of Revenue (DoR),https://dor.gov.in,Draft Model GST Laws,Pitambar Das,JS (TPL-II),,"24012305,24012305",jstpl2@nic.in,https://dor.gov.in/index.php/whos-who
Department of Revenue (DoR),https://dor.gov.in,Draft Model GST Laws,Tek Chand Dhall,PPS to JS (TPL-II),,-do-,-,https://dor.gov.in/index.php/whos-who
Department of Revenue (DoR),https://dor.gov.in,Draft Model GST Laws,S K Jha,JS (Admn-CBDT),,"24012300,24012301",skjha.67@gov.in,https://dor.gov.in/index.php/whos-who
Department of Revenue (DoR),https://dor.gov.in,Draft Model GST Laws,Rajni Nagpal,PPS to JS (Admin-CBDT),,-do-,-,https://dor.gov.in/index.php/whos-who
Department of Revenue (DoR),https://dor.gov.in,Draft Model GST Laws,Roopak Kumar,"Commissioner. (C&IT), CBDT",,"24012325,24012326",commcoord-cbdt@nic.in,https://dor.gov.in/index.php/whos-who
Department of Revenue (DoR),https://dor.gov.in,Draft Model GST Laws,Jaya Choudhary,Commissioner (ITA),,"24012310,24012311",citita-cbdt@nic.in,https://dor.gov.in/index.php/whos-who
Department of Revenue (DoR),https://dor.gov.in,Draft Model GST Laws,Virander Singh,Commissioner (Income & Corporation Tax),,"24012315, 24012316",citi.itct.cbdt@incomtax.gov.in,https://dor.gov.in/index.php/whos-who
Department of Revenue (DoR),https://dor.gov.in,Draft Model GST Laws,Krishna Gopal Goyal,Comm. (Vigilance),,"24012320, 24012321",citvig-cbdt@gov.in,https://dor.gov.in/index.php/whos-who
Department of Revenue (DoR),https://dor.gov.in,Draft Model GST Laws,Shashi Bhushan Shukla,Commissioner (Investigation),,"24012295, 24012296",citinv-cbdt@nic.in,https://dor.gov.in/index.php/whos-who
Department of Revenue (DoR),https://dor.gov.in,Draft Model GST Laws,Namita Khurana,Commissioner (A&J),,"24012344, 24012345",cit.aj.cbdt@incometax.gov.in,https://dor.gov.in/index.php/whos-who
Department of Revenue (DoR),https://dor.gov.in,Draft Model GST Laws,Uma Maheshwari R,Dir.(FT&TR-I),,,dirfttr-1@gov.in,https://dor.gov.in/index.php/whos-who
Department of Revenue (DoR),https://dor.gov.in,Draft Model GST Laws,Anchal Khandelwal,DS (FT&TR-II),,,dirfttr2-rev@nic.in,https://dor.gov.in/index.php/whos-who
Department of Revenue (DoR),https://dor.gov.in,Draft Model GST Laws,Rekha S,Dir.(FT&TR-III),,,dir3eoi-dor@nic.in,https://dor.gov.in/index.php/whos-who
Department of Revenue (DoR),https://dor.gov.in,Draft Model GST Laws,Sandeep Kumar,Dir.(FT&TR-IV),,,dirfttr4-rev@gov.in,https://dor.gov.in/index.php/whos-who
Department of Revenue (DoR),https://dor.gov.in,Draft Model GST Laws,Alankrutha,DS (FT&TR-V),,,dir-fttr5@gov.in,https://dor.gov.in/index.php/whos-who
Department of Revenue (DoR),https://dor.gov.in,Draft Model GST Laws,Ekta Jain,DS (APA),,,dir-apa-rev@gov.in,https://dor.gov.in/index.php/whos-who
Department of Revenue (DoR),https://dor.gov.in,Draft Model GST Laws,Thakur Singh Mapwal,Dir.(TPL-I),,,dirtpl1@nic.in,https://dor.gov.in/index.php/whos-who
Department of Revenue (DoR),https://dor.gov.in,Draft Model GST Laws,Samuel Pitta,Dir.(TPL-II),,,dirtpl2@nic.in,https://dor.gov.in/index.php/whos-who
Department of Revenue (DoR),https://dor.gov.in,Draft Model GST Laws,Ashish Kumar Agrawal,DS.(TPL-III),,"24012348, 24012349",dirtpl3@nic.in,https://dor.gov.in/index.php/whos-who
Department of Revenue (DoR),https://dor.gov.in,Draft Model GST Laws,Pradeep Sharma,Dir.(TPL-IV),,"24012346, 24012347",dirtpl4@nic.in,https://dor.gov.in/index.php/whos-who
Department of Revenue (DoR),https://dor.gov.in,Draft Model GST Laws,Rubal Singh,Dir.(Budget),,"24012358, 24012359",dirbud-cbdt@nic.in,https://dor.gov.in/index.php/whos-who
Department of Revenue (DoR),https://dor.gov.in,Draft Model GST Laws,Vacant Dir (V&Amp;L),Dir.(V&L),,"24012323, 24012322",-,https://dor.gov.in/index.php/whos-who
Department of Revenue (DoR),https://dor.gov.in,Draft Model GST Laws,A K Vashisht,DS (Ad.VII&IX),,,asim.kumar25@nic.in,https://dor.gov.in/index.php/whos-who
Department of Revenue (DoR),https://dor.gov.in,Draft Model GST Laws,Ghanshyam Kumar Meena,"DIR.(Ad.VI, VIA&DT)",,"24012368, 24012369",-,https://dor.gov.in/index.php/whos-who
Department of Revenue (DoR),https://dor.gov.in,Draft Model GST Laws,Indu Bala,Dir. (ITA-II),,"24012362, 24012363",directorita-2@gov.in,https://dor.gov.in/index.php/whos-who
Department of Revenue (DoR),https://dor.gov.in,Draft Model GST Laws,Meenakshi Singh,Dir.(ITA-I),,"24012372, 24012373",ita-rev@nic.in,https://dor.gov.in/index.php/whos-who
Department of Revenue (DoR),https://dor.gov.in,Draft Model GST Laws,Rajesh Dhingra,DS (A&PAC),,,directorapac@incometax.gov.in,https://dor.gov.in/index.php/whos-who
Department of Revenue (DoR),https://dor.gov.in,Draft Model GST Laws,Jyoti Shah,DIR.(INV.I),,"24012354, 24012355",director-inv1@gov.in,https://dor.gov.in/index.php/whos-who
Department of Revenue (DoR),https://dor.gov.in,Draft Model GST Laws,Saynabh Goyal,Dir.(Inv.II),,"24012356, 24012357",jcitinvii-cbdt@gov.in,https://dor.gov.in/index.php/whos-who
Department of Revenue (DoR),https://dor.gov.in,Draft Model GST Laws,Anshul,Director (Inv.III),,,-,https://dor.gov.in/index.php/whos-who
Department of Revenue (DoR),https://dor.gov.in,Draft Model GST Laws,Pradeep Shekhar,Director (Inv.IV),,,-,https://dor.gov.in/index.php/whos-who
Department of Revenue (DoR),https://dor.gov.in,Draft Model GST Laws,Jagdish,DS (Inv.V),,,-,https://dor.gov.in/index.php/whos-who
Department of Revenue (DoR),https://dor.gov.in,Draft Model GST Laws,Sandeep Rana,Addl.CIT( ITCC ),,"24012370, 24012371",diritcc-rev@nic.in,https://dor.gov.in/index.php/whos-who
Department of Revenue (DoR),https://dor.gov.in,Draft Model GST Laws,Divya Chaudhary,DS (ITJ),,,-,https://dor.gov.in/index.php/whos-who
Department of Revenue (DoR),https://dor.gov.in,Draft Model GST Laws,Vijay Raj Mohan,Director (HQ-Ad.VIII),,"24012374, 24012375",dirhq-cbdt@nic.in,https://dor.gov.in/index.php/whos-who
Department of Revenue (DoR),https://dor.gov.in,Draft Model GST Laws,Nitin Permnath Mane,US (Ad.VIA),,,np.mane68@nic.in,https://dor.gov.in/index.php/whos-who
Department of Revenue (DoR),https://dor.gov.in,Draft Model GST Laws,Chandra Mohan Kishan,US (Ad.IX),,,-,https://dor.gov.in/index.php/whos-who
Department of Revenue (DoR),https://dor.gov.in,Draft Model GST Laws,Rajendra Kumar Meena,US (IT-Budget),,,-,https://dor.gov.in/index.php/whos-who
Department of Revenue (DoR),https://dor.gov.in,Draft Model GST Laws,Malu Ram Meena,US (V&L),,,malurammeena@gmail.com,https://dor.gov.in/index.php/whos-who
Department of Revenue (DoR),https://dor.gov.in,Draft Model GST Laws,Ashok Kumar Singh,US (Ad.VII),,,-,https://dor.gov.in/index.php/whos-who
Department of Revenue (DoR),https://dor.gov.in,Draft Model GST Laws,Ram Lakhan,US (Ad.VI),,,-,https://dor.gov.in/index.php/whos-who
Department of Revenue (DoR),https://dor.gov.in,Draft Model GST Laws,Sanjeev Kumar,US (ITCC),,,-,https://dor.gov.in/index.php/whos-who
Department of Revenue (DoR),https://dor.gov.in,Draft Model GST Laws,Shailendra Kumar Upadhyay,US (DT/Per),,,-,https://dor.gov.in/index.php/whos-who
Department of Revenue (DoR),https://dor.gov.in,Draft Model GST Laws,Devendra Kumar,US (V&L-II),,,devendra.k13@nic.in,https://dor.gov.in/index.php/whos-who
Department of Revenue (DoR),https://dor.gov.in,Draft Model GST Laws,Bharat Mittal,US (FT&TR-I) (1),,,usfttr-1@gov.in,https://dor.gov.in/index.php/whos-who
Department of Revenue (DoR),https://dor.gov.in,Draft Model GST Laws,Babni Kumari,US (FT&TR-II) (1),,,usfttr2-dor@gov.in,https://dor.gov.in/index.php/whos-who
Department of Revenue (DoR),https://dor.gov.in,Draft Model GST Laws,Shresth Tayal,US (FT&TR-I) (2),,,usfttr2ii-dor@gov.in,https://dor.gov.in/index.php/whos-who
Department of Revenue (DoR),https://dor.gov.in,Draft Model GST Laws,Naveen Kumar,US (FT&TR-III) (1),,,us31eoi-dor@nic.in,https://dor.gov.in/index.php/whos-who
Department of Revenue (DoR),https://dor.gov.in,Draft Model GST Laws,Abhishri,US (FT&TR-III) (2),,,us32eoi-dor@nic.in,https://dor.gov.in/index.php/whos-who
Department of Revenue (DoR),https://dor.gov.in,Draft Model GST Laws,Nikhil Prasanna Sayan,US (FT&TR-IV) (1),,,usfttr4-i-rev@gov.in,https://dor.gov.in/index.php/whos-who
Department of Revenue (DoR),https://dor.gov.in,Draft Model GST Laws,Nidhi Barad,US (FT&TR-V),,,dcitosd-fttr5-rev@gov.in,https://dor.gov.in/index.php/whos-who
Department of Revenue (DoR),https://dor.gov.in,Draft Model GST Laws,Pooja Ranawat,US (APA-I),,,-,https://dor.gov.in/index.php/whos-who
Department of Revenue (DoR),https://dor.gov.in,Draft Model GST Laws,Sanket Agarwal,US (APA-II),,,-,https://dor.gov.in/index.php/whos-who
Department of Revenue (DoR),https://dor.gov.in,Draft Model GST Laws,Kavita Yadav,US (OT/WT),,,usotwt1-cbdt@gov.in,https://dor.gov.in/index.php/whos-who
Department of Revenue (DoR),https://dor.gov.in,Draft Model GST Laws,Castro Jayapraksh T,US (ITA-II),,,usita2-cbdt@gov.in,https://dor.gov.in/index.php/whos-who
Department of Revenue (DoR),https://dor.gov.in,Draft Model GST Laws,Vacant (Us (Inv I)),US (Inv.I),,,-,https://dor.gov.in/index.php/whos-who
Department of Revenue (DoR),https://dor.gov.in,Draft Model GST Laws,Mohit Garg,US (Inv.II),,,usinv2-cbdt@gov.im,https://dor.gov.in/index.php/whos-who
Department of Revenue (DoR),https://dor.gov.in,Draft Model GST Laws,Rohit Singh,US (TPL-I),,,ustpl1@nic.in,https://dor.gov.in/index.php/whos-who
Department of Revenue (DoR),https://dor.gov.in,Draft Model GST Laws,Kritika Jain,US (TPL-II),,,ustpl2@nic.in,https://dor.gov.in/index.php/whos-who
Department of Revenue (DoR),https://dor.gov.in,Draft Model GST Laws,Utkarsh Gupta,US (TPL-III),,,ustpl3@nic.in,https://dor.gov.in/index.php/whos-who
Department of Revenue (DoR),https://dor.gov.in,Draft Model GST Laws,Surbendu Thakur,US (TPL-IV),,,ustpl4@nic.in,https://dor.gov.in/index.php/whos-who
Department of Revenue (DoR),https://dor.gov.in,Draft Model GST Laws,Sagar Sirra,SO (Ad.VI),,,manish.katariya@nic.in,https://dor.gov.in/index.php/whos-who
Department of Revenue (DoR),https://dor.gov.in,Draft Model GST Laws,Manish Katariya,SO (Ad.VI),,,-,https://dor.gov.in/index.php/whos-who
Department of Revenue (DoR),https://dor.gov.in,Draft Model GST Laws,Narender Kumar,SO (Ad.VI-A),,,n.kumar88@nic.in,https://dor.gov.in/index.php/whos-who
Department of Revenue (DoR),https://dor.gov.in,Draft Model GST Laws,Hanuman Prasad Nishad,SO (Ad.VII),,,hp.nishad@nic.in,https://dor.gov.in/index.php/whos-who
Department of Revenue (DoR),https://dor.gov.in,Draft Model GST Laws,Yogesh Gulia,SO (Ad.VIII-DT),,,-,https://dor.gov.in/index.php/whos-who
Department of Revenue (DoR),https://dor.gov.in,Draft Model GST Laws,Naveen Kumar Verma,SO (Ad.IX),,,naveen.verma84@nic.in,https://dor.gov.in/index.php/whos-who
Department of Revenue (DoR),https://dor.gov.in,Draft Model GST Laws,Dushyant,SO (DT/Per),,,-,https://dor.gov.in/index.php/whos-who
Department of Revenue (DoR),https://dor.gov.in,Draft Model GST Laws,Indu Bala,SO (V&L-I),,,-,https://dor.gov.in/index.php/whos-who
Department of Revenue (DoR),https://dor.gov.in,Draft Model GST Laws,Vedprakash,SO (V&L-II),,,vp.dahinwal@gov.in,https://dor.gov.in/index.php/whos-who
Department of Revenue (DoR),https://dor.gov.in,Draft Model GST Laws,Vishvajeet Kumar,SO (OT),,,vjeet.kumar@gov.in,https://dor.gov.in/index.php/whos-who
Department of Revenue (DoR),https://dor.gov.in,Draft Model GST Laws,Nidhi Chauhan,SO (A&PAC-I),,,-,https://dor.gov.in/index.php/whos-who
Department of Revenue (DoR),https://dor.gov.in,Draft Model GST Laws,Vinit Kumar,SO (A&PAC-II),,,vinit.kumar@nic.in,https://dor.gov.in/index.php/whos-who
Department of Revenue (DoR),https://dor.gov.in,Draft Model GST Laws,Himanshu Pabri,SO (ITA-I),,,-,https://dor.gov.in/index.php/whos-who
Department of Revenue (DoR),https://dor.gov.in,Draft Model GST Laws,Vacant So (Ita-Ii),SO (ITA-II),,,soitaii-cbdt@gov.in,https://dor.gov.in/index.php/whos-who
Department of Revenue (DoR),https://dor.gov.in,Draft Model GST Laws,Jyoti Tiwari,SO (Inv.I),,,soinv1rev-cbdt@gov.in,https://dor.gov.in/index.php/whos-who
Department of Revenue (DoR),https://dor.gov.in,Draft Model GST Laws,Brijesh Kumar Meena,SO (Inv.II) (1),,,-,https://dor.gov.in/index.php/whos-who
Department of Revenue (DoR),https://dor.gov.in,Draft Model GST Laws,Indu Bhushan Lal,SO (Inv.II) (2),,,-,https://dor.gov.in/index.php/whos-who
Department of Revenue (DoR),https://dor.gov.in,Draft Model GST Laws,Vacant So(Inv-Iii),SO (IT-Inv.III),,,-,https://dor.gov.in/index.php/whos-who
Department of Revenue (DoR),https://dor.gov.in,Draft Model GST Laws,Ram Ishwar Yadav,SO (ITCC),,,ram.yadav88@nic.in,https://dor.gov.in/index.php/whos-who
Department of Revenue (DoR),https://dor.gov.in,Draft Model GST Laws,U K Jha,SO (ITJ),,,uk.jha@nic.in,https://dor.gov.in/index.php/whos-who
Department of Revenue (DoR),https://dor.gov.in,Draft Model GST Laws,Mohit Kumar Meena,SO (IT-J (i)),,,mohit.meena@nic.in,https://dor.gov.in/index.php/whos-who
Department of Revenue (DoR),https://dor.gov.in,Draft Model GST Laws,Vacant So(Wt),SO (W.T.),,,-,https://dor.gov.in/index.php/whos-who
Department of Revenue (DoR),https://dor.gov.in,Draft Model GST Laws,Kirodi Mal Meena,SO (TPL),,,-,https://dor.gov.in/index.php/whos-who
Department of Revenue (DoR),https://dor.gov.in,Draft Model GST Laws,Sahil Mangla,SO (Budget),,,-,https://dor.gov.in/index.php/whos-who
Department of Revenue (DoR),https://dor.gov.in,Draft Model GST Laws,Lunkhokim,SO (FT&TR-I),,,lun.kim@nic.in,https://dor.gov.in/index.php/whos-who
Department of Revenue (DoR),https://dor.gov.in,Draft Model GST Laws,Lalthuoilien Chhangte,SO (FT&TR-II),,,lal.chhangte@nic.in,https://dor.gov.in/index.php/whos-who
Department of Revenue (DoR),https://dor.gov.in,Draft Model GST Laws,Dinesh Kumar Meena,SO (TPL),,,-,https://dor.gov.in/index.php/whos-who
Department of Revenue (DoR),https://dor.gov.in,Draft Model GST Laws,Subhash Chandra Meena,SO (FT&TR-I(ii)),,,subhashm.rgi@gov.in,https://dor.gov.in/index.php/whos-who
Department of Revenue (DoR),https://dor.gov.in,Draft Model GST Laws,Ravinder Pratap Singh,SO (FT&TR-II (ii)),,,ravindra.singh64@nic.in,https://dor.gov.in/index.php/whos-who
Department of Revenue (DoR),https://dor.gov.in,Draft Model GST Laws,Lalhmingthang Songate,SO (FT&TR-III(i)),,,so31eoi-dor@gov.in,https://dor.gov.in/index.php/whos-who
Department of Revenue (DoR),https://dor.gov.in,Draft Model GST Laws,Kartik Yadav,SO (FT&TR-III(2)),,,so32eoi-dor@gov.in,https://dor.gov.in/index.php/whos-who
Department of Revenue (DoR),https://dor.gov.in,Draft Model GST Laws,Manish Dua,SO (FT&TR-IV(1)),,,dua.manish@nic.n,https://dor.gov.in/index.php/whos-who
Department of Revenue (DoR),https://dor.gov.in,Draft Model GST Laws,Gautam Meena,SO (FT&TR-IV(ii)),,,gautam.meena@nic.in,https://dor.gov.in/index.php/whos-who
Department of Revenue (DoR),https://dor.gov.in,Draft Model GST Laws,Lalbieksang,SO (APA-I),,,-,https://dor.gov.in/index.php/whos-who
Department of Revenue (DoR),https://dor.gov.in,Draft Model GST Laws,Vacant So(Apa-Ii),SO (APA-II),,,-,https://dor.gov.in/index.php/whos-who
Department of Revenue (DoR),https://dor.gov.in,Draft Model GST Laws,S Lalpaul Gangte,SO (FT&TR-V),,,so-fttr5-rev@gov.in,https://dor.gov.in/index.php/whos-who
Department of Revenue (DoR),https://dor.gov.in,Draft Model GST Laws,Vivek Chaturvedi,Chairman (CBIC),,"240122710, 24012711, 24012712",chmn-cbic@gov.in,https://dor.gov.in/index.php/whos-who
Department of Revenue (DoR),https://dor.gov.in,Draft Model GST Laws,E Jotheeswaran,PPS to Chairman CBIC,,"24012710, 24012711, 24012712",e.jotheeswaran@nic.in,https://dor.gov.in/index.php/whos-who
Department of Revenue (DoR),https://dor.gov.in,Draft Model GST Laws,Mohan Kumar Singh,Member (IT),,"24012770, 24012771, 24012772",memberit-cbic@gov.in,https://dor.gov.in/index.php/whos-who
Department of Revenue (DoR),https://dor.gov.in,Draft Model GST Laws,Vandana Banarjee,PSO to Member (IT),,-do-,-,https://dor.gov.in/index.php/whos-who
Department of Revenue (DoR),https://dor.gov.in,Draft Model GST Laws,Sanjay Mangal,"Member (GST, CX, ST)",,"24012720, 24012721, 24012722",member-gst.cbic@gov.in,https://dor.gov.in/index.php/whos-who
Department of Revenue (DoR),https://dor.gov.in,Draft Model GST Laws,Rajiv Dabas,"PPS to Member (GST, CX, ST)",,-do-,rajvir.dabas66@nic.in,https://dor.gov.in/index.php/whos-who
Department of Revenue (DoR),https://dor.gov.in,Draft Model GST Laws,Vacant (Member (Tp)),Member (TP),,"24012740, 24012741",mem-taxpolicycbic@gov.in,https://dor.gov.in/index.php/whos-who
Department of Revenue (DoR),https://dor.gov.in,Draft Model GST Laws,Pso To Member (Tp),PSO to Member (TP),,-do-,-,https://dor.gov.in/index.php/whos-who
Department of Revenue (DoR),https://dor.gov.in,Draft Model GST Laws,Abhai Kumar Srivastav,"Member, (Admn. & V)",,"24012750, 24012751, 24012752",member-admincbic@gov.in,https://dor.gov.in/index.php/whos-who
Department of Revenue (DoR),https://dor.gov.in,Draft Model GST Laws,Het Ram,"PSO to Member, (Admn. & V)",,-do-,-,https://dor.gov.in/index.php/whos-who
Department of Revenue (DoR),https://dor.gov.in,Draft Model GST Laws,Yogendra Garg,Member(Customs),,"24012730, 24012731,24012732",-,https://dor.gov.in/index.php/whos-who
Department of Revenue (DoR),https://dor.gov.in,Draft Model GST Laws,Surjit Bhujabal,Member (CM & Legal),,"24012760 , 24012761 , 24012762",memberinv.cbic@gov.in,https://dor.gov.in/index.php/whos-who
Department of Revenue (DoR),https://dor.gov.in,Draft Model GST Laws,Deepak Jiloha,Sr. PPS to Member (Customs),,-do-,-,https://dor.gov.in/index.php/whos-who
Department of Revenue (DoR),https://dor.gov.in,Draft Model GST Laws,Himabindu Mudumbai,JS (Admn.-CBIC),,"24012707, 24012708",jsadm-cbec@nic.in,https://dor.gov.in/index.php/whos-who
Department of Revenue (DoR),https://dor.gov.in,Draft Model GST Laws,Vacant Ps To (Admn -Cbic),PS to (Admn.-CBIC),,-do-,-,https://dor.gov.in/index.php/whos-who
Department of Revenue (DoR),https://dor.gov.in,Draft Model GST Laws,Anupam Prakash,JS (Customs),,"24012705,24012706",jscus@nic.in,https://dor.gov.in/index.php/whos-who
Department of Revenue (DoR),https://dor.gov.in,Draft Model GST Laws,Sarada Shiv Kumar,PPS to JS (Customs),,-do-,sarada.shiv@gov.in,https://dor.gov.in/index.php/whos-who
Department of Revenue (DoR),https://dor.gov.in,Draft Model GST Laws,Jainendra Singh Kandhari,JS (TRU-I),,"24012701, 24012702",js-tru01@gov.in,https://dor.gov.in/index.php/whos-who
Department of Revenue (DoR),https://dor.gov.in,Draft Model GST Laws,Meena Paudel,PPS to JS (TRU-I),,-do-,-,https://dor.gov.in/index.php/whos-who
Department of Revenue (DoR),https://dor.gov.in,Draft Model GST Laws,Sachin Jain,JS (TRU-II),,"24012703, 24012704",-,https://dor.gov.in/index.php/whos-who
Department of Revenue (DoR),https://dor.gov.in,Draft Model GST Laws,Madhu Khurana,O/o JS (TRU-II),,-do-,-,https://dor.gov.in/index.php/whos-who
Department of Revenue (DoR),https://dor.gov.in,Draft Model GST Laws,Vacant Js (Dbk),JS (DBK),,,jsdbk-rev@nic.in,https://dor.gov.in/index.php/whos-who
Department of Revenue (DoR),https://dor.gov.in,Draft Model GST Laws,Manonmani,PPS to JS (DBK),,-do-,-,https://dor.gov.in/index.php/whos-who
Department of Revenue (DoR),https://dor.gov.in,Draft Model GST Laws,Ajay,JS (Review),,,js.review-cbec@nic.in,https://dor.gov.in/index.php/whos-who
Department of Revenue (DoR),https://dor.gov.in,Draft Model GST Laws,Manju Rani,PPS to JS (Review),,-do-,manjurani-cwc@nic.in,https://dor.gov.in/index.php/whos-who
Department of Revenue (DoR),https://dor.gov.in,Draft Model GST Laws,Manish Mani Tiwari,Commissioner. (Customs/EP),,"24012738, 24012739",commr.cus-cbec@nic.in,https://dor.gov.in/index.php/whos-who
Department of Revenue (DoR),https://dor.gov.in,Draft Model GST Laws,Deepak Kumar,PA to Comm. (Customs/EP),,-do-,commr.cus-cbec@nic.in,https://dor.gov.in/index.php/whos-who
Department of Revenue (DoR),https://dor.gov.in,Draft Model GST Laws,Dinesh Bouddh,Comm. (Hqrs.) (Coord.) CBIC,,"24012754, 24012755",commrcoord-cbec@nic.in,https://dor.gov.in/index.php/whos-who
Department of Revenue (DoR),https://dor.gov.in,Draft Model GST Laws,Abhishek Chandra Gupta,Comm.(HQRS.) (RI&I),,,-,https://dor.gov.in/index.php/whos-who
Department of Revenue (DoR),https://dor.gov.in,Draft Model GST Laws,Aman Kumar,PA to (Comm. (Hqrs.) (Coord.) CBIC,,-do-,commrcoord-cbec@nic.in,https://dor.gov.in/index.php/whos-who
Department of Revenue (DoR),https://dor.gov.in,Draft Model GST Laws,Shahjeyar Eqbal Faisal,Commissioner (L&J),,,-,https://dor.gov.in/index.php/whos-who
Department of Revenue (DoR),https://dor.gov.in,Draft Model GST Laws,Gaurav Singh,Commissioner (Hqrs & CX ),,"24012726, 24012727",-,https://dor.gov.in/index.php/whos-who
Department of Revenue (DoR),https://dor.gov.in,Draft Model GST Laws,Himani Bhayan,Commissioner (CX&ST),,"24012736, 24012737",-,https://dor.gov.in/index.php/whos-who
Department of Revenue (DoR),https://dor.gov.in,Draft Model GST Laws,Vandana Marwah,DDG (TPRU),,011-23755548,vandana.marwah@gov.in,https://dor.gov.in/index.php/whos-who
Department of Revenue (DoR),https://dor.gov.in,Draft Model GST Laws,Modasar Shafi,DS (Service Tax),,"24012766, 24012767",-,https://dor.gov.in/index.php/whos-who
Department of Revenue (DoR),https://dor.gov.in,Draft Model GST Laws,Bhagwad Prasad Sharma,Dir.(Review),,,sharma.bhagwat@nic.in,https://dor.gov.in/index.php/whos-who
Department of Revenue (DoR),https://dor.gov.in,Draft Model GST Laws,Poonam Bhatt,DS (Anti-Smuggling),,,poonambhatt.irs@gov.in,https://dor.gov.in/index.php/whos-who
Department of Revenue (DoR),https://dor.gov.in,Draft Model GST Laws,Anurima Sharma,Dir. (Customs),,"24012734, 24012735",dircus@nic.in,https://dor.gov.in/index.php/whos-who
Department of Revenue (DoR),https://dor.gov.in,Draft Model GST Laws,Malay Samir,DS (DBK),,,dirdbk-rev@nic.in,https://dor.gov.in/index.php/whos-who
Department of Revenue (DoR),https://dor.gov.in,Draft Model GST Laws,Deepa Shrivastava,Addl.comm( ICD ),,"24012718, 24012719",diricd-cbec@nic.in,https://dor.gov.in/index.php/whos-who
Department of Revenue (DoR),https://dor.gov.in,Draft Model GST Laws,Ravinder Kumar,Director (TRU-I),,"24012746, 24012747",-,https://dor.gov.in/index.php/whos-who
Department of Revenue (DoR),https://dor.gov.in,Draft Model GST Laws,Amreeta Titus,Director(TRU),,"24012714, 24012715",amreeta.titus@gov.in,https://dor.gov.in/index.php/whos-who
Department of Revenue (DoR),https://dor.gov.in,Draft Model GST Laws,Puneeta Bedi,Dir.(TRU),,"24012716, 24012717",maliabedi.83@gov.in,https://dor.gov.in/index.php/whos-who
Department of Revenue (DoR),https://dor.gov.in,Draft Model GST Laws,Modassar Shafi,DS (Cx.&ST),,"24012766, 24012767",-,https://dor.gov.in/index.php/whos-who
Department of Revenue (DoR),https://dor.gov.in,Draft Model GST Laws,Vacant Dir (Pac),Dir.(PAC),,,irfan.aziz76@gov.in,https://dor.gov.in/index.php/whos-who
Department of Revenue (DoR),https://dor.gov.in,Draft Model GST Laws,Neha Kalra Asnani,Director (TRU-II),,"24012744, 24012745",neha.kalra@nic.in,https://dor.gov.in/index.php/whos-who
Department of Revenue (DoR),https://dor.gov.in,Draft Model GST Laws,A K Singh,Ds.(Ad.VIII-EC),,,-,https://dor.gov.in/index.php/whos-who
Department of Revenue (DoR),https://dor.gov.in,Draft Model GST Laws,Gajender Kumar Verma,DS (Ad.IV/IVA),,,-,https://dor.gov.in/index.php/whos-who
Department of Revenue (DoR),https://dor.gov.in,Draft Model GST Laws,Rajesh Kumar Makkar,Dir.(Ad.II A&B),,"24012774, 24012775",rajesh.makkar@nic.in,https://dor.gov.in/index.php/whos-who
Department of Revenue (DoR),https://dor.gov.in,Draft Model GST Laws,M K Sahay,Dir.(Ad.V),,,-,https://dor.gov.in/index.php/whos-who
Department of Revenue (DoR),https://dor.gov.in,Draft Model GST Laws,Sushil Kumar Sahay,DS (Ad.IIIB),,,jha.ranjan@gov.in,https://dor.gov.in/index.php/whos-who
Department of Revenue (DoR),https://dor.gov.in,Draft Model GST Laws,Manish Kumar Sahay,DS (Ad.IIIA),,,ds-admn3a@gov.in,https://dor.gov.in/index.php/whos-who
Department of Revenue (DoR),https://dor.gov.in,Draft Model GST Laws,Director (Ad Ii),Director (Ad.II),,"24012398, 24012399",-,https://dor.gov.in/index.php/whos-who
Department of Revenue (DoR),https://dor.gov.in,Draft Model GST Laws,S A Ansari,DS (Ad.II),,"24012756, 24012757",sa.ansari@nic.in,https://dor.gov.in/index.php/whos-who
Department of Revenue (DoR),https://dor.gov.in,Draft Model GST Laws,Prabjot Kaur,US( Customs Policy Wing),,,-,https://dor.gov.in/index.php/whos-who
Department of Revenue (DoR),https://dor.gov.in,Draft Model GST Laws,Vacant Us (Ad Iia &Amp; B),US (Ad.IIA & B),,,-,https://dor.gov.in/index.php/whos-who
Department of Revenue (DoR),https://dor.gov.in,Draft Model GST Laws,Vacant Us (Ad Iia),US (Ad.IIA),,,-,https://dor.gov.in/index.php/whos-who
Department of Revenue (DoR),https://dor.gov.in,Draft Model GST Laws,Mohammad Ashif,US (Ad.III A&B),,,mohammad.ashif@nic.in,https://dor.gov.in/index.php/whos-who
Department of Revenue (DoR),https://dor.gov.in,Draft Model GST Laws,Surjeet Kumar,US (Ad.IV-IVA),,,-,https://dor.gov.in/index.php/whos-who
Department of Revenue (DoR),https://dor.gov.in,Draft Model GST Laws,Balwant Parixit Pandey,US (Ad.V),,,parixit.pandey@nic.in,https://dor.gov.in/index.php/whos-who
Department of Revenue (DoR),https://dor.gov.in,Draft Model GST Laws,Ravish Kumar,US (Ad.IIA&Ad.VIII/EC),,,usad3-rev@gov.in,https://dor.gov.in/index.php/whos-who
Department of Revenue (DoR),https://dor.gov.in,Draft Model GST Laws,Yad Ram Meena,US (A.S.Unit),,,-,https://dor.gov.in/index.php/whos-who
Department of Revenue (DoR),https://dor.gov.in,Draft Model GST Laws,Kehri Singh Meena,US (CX-9),,,-,https://dor.gov.in/index.php/whos-who
Department of Revenue (DoR),https://dor.gov.in,Draft Model GST Laws,Nathan Singh,US (Legal),,,-,https://dor.gov.in/index.php/whos-who
Department of Revenue (DoR),https://dor.gov.in,Draft Model GST Laws,J S Malik,US (DBK),,,-,https://dor.gov.in/index.php/whos-who
Department of Revenue (DoR),https://dor.gov.in,Draft Model GST Laws,Shireesh Kumar Gautam,US (Ad.II),,,-,https://dor.gov.in/index.php/whos-who
Department of Revenue (DoR),https://dor.gov.in,Draft Model GST Laws,Sachin Kumar Jain,US Ad.II (A&B),,,sachin.jain@gov.in,https://dor.gov.in/index.php/whos-who
Department of Revenue (DoR),https://dor.gov.in,Draft Model GST Laws,S Lianlalmuan,US(AD.II),,,s.lianlalmuan@gov.in,https://dor.gov.in/index.php/whos-who
Department of Revenue (DoR),https://dor.gov.in,Draft Model GST Laws,Manish Chabariya,US (ICD),,,-,https://dor.gov.in/index.php/whos-who
Department of Revenue (DoR),https://dor.gov.in,Draft Model GST Laws,Debjyoti Buman,OSD( TRU ),,,-,https://dor.gov.in/index.php/whos-who
Department of Revenue (DoR),https://dor.gov.in,Draft Model GST Laws,Prashant Dalmia,US (CX.8A/Legal),,,-,https://dor.gov.in/index.php/whos-who
Department of Revenue (DoR),https://dor.gov.in,Draft Model GST Laws,Vacant Us (Cx 3),US (Cx.3),,,-,https://dor.gov.in/index.php/whos-who
Department of Revenue (DoR),https://dor.gov.in,Draft Model GST Laws,Vacant Us (As/Ri&Amp;I),US (AS/RI&I),,,-,https://dor.gov.in/index.php/whos-who
Department of Revenue (DoR),https://dor.gov.in,Draft Model GST Laws,Megha Bansal,US (LC),,,-,https://dor.gov.in/index.php/whos-who
Department of Revenue (DoR),https://dor.gov.in,Draft Model GST Laws,Dheeraj Sharma,US (TRU),,,-,https://dor.gov.in/index.php/whos-who
Department of Revenue (DoR),https://dor.gov.in,Draft Model GST Laws,Adil Ashraf,US (TRU),,,-,https://dor.gov.in/index.php/whos-who
Department of Revenue (DoR),https://dor.gov.in,Draft Model GST Laws,Renu Verma,US (TRU),,,renu.verma95@gov.in,https://dor.gov.in/index.php/whos-who
Department of Revenue (DoR),https://dor.gov.in,Draft Model GST Laws,Pradeep Kumar,US (Cx. I),,,cbec-paccx7@nic.in,https://dor.gov.in/index.php/whos-who
Department of Revenue (DoR),https://dor.gov.in,Draft Model GST Laws,Garima Mali,US (PAC/CX-7),,,garima.mali@gov.in,https://dor.gov.in/index.php/whos-who
Department of Revenue (DoR),https://dor.gov.in,Draft Model GST Laws,Rajesh Kumar Meena,US (CX-3),,,-,https://dor.gov.in/index.php/whos-who
Department of Revenue (DoR),https://dor.gov.in,Draft Model GST Laws,Varun Singhal,DC (Cus.V),,,uscus5-cbec@gov.in,https://dor.gov.in/index.php/whos-who
Department of Revenue (DoR),https://dor.gov.in,Draft Model GST Laws,Inderjeet Panda,US (Cus.IV),,,-,https://dor.gov.in/index.php/whos-who
Department of Revenue (DoR),https://dor.gov.in,Draft Model GST Laws,Ananya Kumar Singh,TO (TRU),,,-,https://dor.gov.in/index.php/whos-who
Department of Revenue (DoR),https://dor.gov.in,Draft Model GST Laws,Debjyoti Buman,TO (TRU),,,-,https://dor.gov.in/index.php/whos-who
Department of Revenue (DoR),https://dor.gov.in,Draft Model GST Laws,Kumar Vivek,TO (TRU),,,-,https://dor.gov.in/index.php/whos-who
Department of Revenue (DoR),https://dor.gov.in,Draft Model GST Laws,Vishal Singh,TO (TRU),,,-,https://dor.gov.in/index.php/whos-who
Department of Revenue (DoR),https://dor.gov.in,Draft Model GST Laws,Sanjala Sharma,TO (TRU),,,-,https://dor.gov.in/index.php/whos-who
Department of Revenue (DoR),https://dor.gov.in,Draft Model GST Laws,Sahil Khare,OSD (TRU),,,-,https://dor.gov.in/index.php/whos-who
Department of Revenue (DoR),https://dor.gov.in,Draft Model GST Laws,Tanvi Soni,OSD(TRU),,,-,https://dor.gov.in/index.php/whos-who
Department of Revenue (DoR),https://dor.gov.in,Draft Model GST Laws,Vipin Kumar,SO (Ad.II),,,-,https://dor.gov.in/index.php/whos-who
Department of Revenue (DoR),https://dor.gov.in,Draft Model GST Laws,Rakshak Saxena,SO (Ad.II),,,rakshak.saxena@nic.in,https://dor.gov.in/index.php/whos-who
Department of Revenue (DoR),https://dor.gov.in,Draft Model GST Laws,Ankush Mittal,SO (Ad.II),,,-,https://dor.gov.in/index.php/whos-who
Department of Revenue (DoR),https://dor.gov.in,Draft Model GST Laws,Shobha Rawat,SO (Ad.IIA.I),,,-,https://dor.gov.in/index.php/whos-who
Department of Revenue (DoR),https://dor.gov.in,Draft Model GST Laws,Madan,SO (Ad.IIA),,,-,https://dor.gov.in/index.php/whos-who
Department of Revenue (DoR),https://dor.gov.in,Draft Model GST Laws,Anu,SO (Ad.IIB),,,-,https://dor.gov.in/index.php/whos-who
Department of Revenue (DoR),https://dor.gov.in,Draft Model GST Laws,Dheeraj Meena,SO (Ad.IIIA),,,soad3a-rev@gov.in,https://dor.gov.in/index.php/whos-who
Department of Revenue (DoR),https://dor.gov.in,Draft Model GST Laws,Mohammad Fayyaz,SO (Ad.IIIB),,,mohammad.fayyaz@nic.in,https://dor.gov.in/index.php/whos-who
Department of Revenue (DoR),https://dor.gov.in,Draft Model GST Laws,Komal Tiwari,SO (Ad.IV),,,komal.tiwari@nic.in,https://dor.gov.in/index.php/whos-who
Department of Revenue (DoR),https://dor.gov.in,Draft Model GST Laws,Heena Chauhan,SO Ad.IVA,,,heena.chauhan@gov.in,https://dor.gov.in/index.php/whos-who
Department of Revenue (DoR),https://dor.gov.in,Draft Model GST Laws,Manish Gond,SO (Ad.V),,,-,https://dor.gov.in/index.php/whos-who
Department of Revenue (DoR),https://dor.gov.in,Draft Model GST Laws,Mahendra Meena,SO (Ad.V),,,m.meena90@nic.in,https://dor.gov.in/index.php/whos-who
Department of Revenue (DoR),https://dor.gov.in,Draft Model GST Laws,Om Prakash Meena,SO (Ad.8),,,om.meena91@nic.in,https://dor.gov.in/index.php/whos-who
Department of Revenue (DoR),https://dor.gov.in,Draft Model GST Laws,Pradeep Kumar,DC (CX.I),,,-,https://dor.gov.in/index.php/whos-who
Department of Revenue (DoR),https://dor.gov.in,Draft Model GST Laws,Natasha Laspal,SO (CX.III),,,-,https://dor.gov.in/index.php/whos-who
Department of Revenue (DoR),https://dor.gov.in,Draft Model GST Laws,Shivani Bajpai,SO (Service Tax),,,shivani.bajpai@nic.in,https://dor.gov.in/index.php/whos-who
Department of Revenue (DoR),https://dor.gov.in,Draft Model GST Laws,Naveen Kerketta,SO (CX-7) PAC,,,naveen.kerketta@gov.in,https://dor.gov.in/index.php/whos-who
Department of Revenue (DoR),https://dor.gov.in,Draft Model GST Laws,Naveen Kumar Punia,SO (Cx. VIII),,,-,https://dor.gov.in/index.php/whos-who
Department of Revenue (DoR),https://dor.gov.in,Draft Model GST Laws,Vikash Singh,SO (CX.IX),,,-,https://dor.gov.in/index.php/whos-who
Department of Revenue (DoR),https://dor.gov.in,Draft Model GST Laws,Ghudmal Meena,SO (PAC-Customs),,,ghudmal.meena@nic.in,https://dor.gov.in/index.php/whos-who
Department of Revenue (DoR),https://dor.gov.in,Draft Model GST Laws,Priyanka Prasad,SO (Cus.IV),,,-,https://dor.gov.in/index.php/whos-who
Department of Revenue (DoR),https://dor.gov.in,Draft Model GST Laws,Sunita Sharma,SO (Cus.V),,,-,https://dor.gov.in/index.php/whos-who
Department of Revenue (DoR),https://dor.gov.in,Draft Model GST Laws,Suresh Kumar Meena,DC (Cus.VI),,,-,https://dor.gov.in/index.php/whos-who
Department of Revenue (DoR),https://dor.gov.in,Draft Model GST Laws,L Harshel,SO (Cus. III),,,-,https://dor.gov.in/index.php/whos-who
Department of Revenue (DoR),https://dor.gov.in,Draft Model GST Laws,Jugal Kishore,SO (Judicial Cell),,,jugal.kishor@nic.in,https://dor.gov.in/index.php/whos-who
Department of Revenue (DoR),https://dor.gov.in,Draft Model GST Laws,B Patra,SO (Legal Cell),,,patra.b67@gov.in,https://dor.gov.in/index.php/whos-who
Department of Revenue (DoR),https://dor.gov.in,Draft Model GST Laws,Narsi Lal Meena,SO (Cx.8A),,,-,https://dor.gov.in/index.php/whos-who
Department of Revenue (DoR),https://dor.gov.in,Draft Model GST Laws,Vacant So (As Unit),SO (AS Unit),,,-,https://dor.gov.in/index.php/whos-who
Department of Revenue (DoR),https://dor.gov.in,Draft Model GST Laws,Rakesh Sharma,SO (ICD),,,rakesh.sharma90@nic.in,https://dor.gov.in/index.php/whos-who
Department of Revenue (DoR),https://dor.gov.in,Draft Model GST Laws,Gaurav Singh,Commissioner,,,gaurav.singh80@nic.in,https://dor.gov.in/index.php/whos-who
Department of Revenue (DoR),https://dor.gov.in,Draft Model GST Laws,Kangala Shrunkhala Motiram,Director,,,shrunkhala.k@gov.in,https://dor.gov.in/index.php/whos-who
Department of Revenue (DoR),https://dor.gov.in,Draft Model GST Laws,Shraiy Suri,Joint Commissioner,,,suri.shraiy@gov.in,https://dor.gov.in/index.php/whos-who
Department of Revenue (DoR),https://dor.gov.in,Draft Model GST Laws,Anshika Agrawal,Deputy Secretary,,,anshika.ag@gov.in,https://dor.gov.in/index.php/whos-who
Department of Revenue (DoR),https://dor.gov.in,Draft Model GST Laws,Raushan Kumar,Deputy Commissioner,,,raushan.kumar1@gov.in,https://dor.gov.in/index.php/whos-who
Department of Revenue (DoR),https://dor.gov.in,Draft Model GST Laws,Kriti Pandey,Under Secretary,,,kriti.pandey012@gov.in,https://dor.gov.in/index.php/whos-who
Department of Revenue (DoR),https://dor.gov.in,Draft Model GST Laws,Nitin Kumar,Deputy Commissioner,,,nitin.kumar09@gov.in,https://dor.gov.in/index.php/whos-who
Department of Revenue (DoR),https://dor.gov.in,Draft Model GST Laws,Saumya Gupta,Deputy Commissioner,,,saumyagupta.irs@gov.in,https://dor.gov.in/index.php/whos-who
Department of Revenue (DoR),https://dor.gov.in,Draft Model GST Laws,Shrivastav Singh,Deputy Commissioner,,,iitkgp.shri@nic.in,https://dor.gov.in/index.php/whos-who
Department of Revenue (DoR),https://dor.gov.in,Draft Model GST Laws,Sakshi Garg,Under Secretary,,,kmsakshi.garg@gov.in,https://dor.gov.in/index.php/whos-who
Department of Revenue (DoR),https://dor.gov.in,Draft Model GST Laws,Prashant Sharma,Deputy Commissioner,,,prashantsharma.irs@gov.in,https://dor.gov.in/index.php/whos-who
Department of Revenue (DoR),https://dor.gov.in,Draft Model GST Laws,Manjeet Singh,Deputy Commissioner,,,manjeet.singh19@gov.in,https://dor.gov.in/index.php/whos-who
Department of Revenue (DoR),https://dor.gov.in,Draft Model GST Laws,Neetu Kumari Prasad,Additional Secretary (Revenue),,,revas-mof@gov.in,https://dor.gov.in/index.php/whos-who
Department of Revenue (DoR),https://dor.gov.in,Draft Model GST Laws,Balasubramanian Krishnamurthy,Joint Secretary,,"KB 011-24012420,24012421 & 23755545",js-dor@gov.in,https://dor.gov.in/index.php/whos-who
Department of Revenue (DoR),https://dor.gov.in,Draft Model GST Laws,Vandana Marwah,DDG,,,vandana.marwah@gov.in,https://dor.gov.in/index.php/whos-who
Department of Revenue (DoR),https://dor.gov.in,Draft Model GST Laws,Vandana Kohli,PPS to JS(TPRU),,"23755545 & KB 011-24012420,24012421",vandana.1977@gov.in,https://dor.gov.in/index.php/whos-who
Department of Revenue (DoR),https://dor.gov.in,Draft Model GST Laws,Narinder Singh,Commissioner,,,com1-tpru@gov.in,https://dor.gov.in/index.php/whos-who
Department of Revenue (DoR),https://dor.gov.in,Draft Model GST Laws,Manu J Vettickan,Director (TPRU),,,mj.vettickan@nic.in,https://dor.gov.in/index.php/whos-who
Department of Revenue (DoR),https://dor.gov.in,Draft Model GST Laws,Abhishek Tripathy,Joint Commissioner,,,dc5-tpru@gov.in,https://dor.gov.in/index.php/whos-who
Department of Revenue (DoR),https://dor.gov.in,Draft Model GST Laws,Bipin Kumar,Joint Commissioner,,,dc2-tpru@gov.in,https://dor.gov.in/index.php/whos-who
Department of Revenue (DoR),https://dor.gov.in,Draft Model GST Laws,Katyayani Sanjay Bhatia,Deputy Commissioner,,,dc4-tpru@gov.in,https://dor.gov.in/index.php/whos-who
Department of Revenue (DoR),https://dor.gov.in,Draft Model GST Laws,Sanket Agarwal,Deputy Commissioner,,,dc3-tpru@gov.in,https://dor.gov.in/index.php/whos-who
Department of Revenue (DoR),https://dor.gov.in,Draft Model GST Laws,Ansuman Sharma,Deputy Director,,,ansuman.sharma@gov.in,https://dor.gov.in/index.php/whos-who
Department of Revenue (DoR),https://dor.gov.in,Draft Model GST Laws,Nimit Dhalia,Assistant Director,,,nimit.dhalia2057@gov.in,https://dor.gov.in/index.php/whos-who
Department of Revenue (DoR),https://dor.gov.in,Draft Model GST Laws,Sumit Aswal,Superintendent,,,sumit.aswal@gov.in,https://dor.gov.in/index.php/whos-who
Department of Revenue (DoR),https://dor.gov.in,Draft Model GST Laws,Siddhartha Gupta,Superintendent,,,siddhu86.akhilesh@gov.in,https://dor.gov.in/index.php/whos-who
Department of Revenue (DoR),https://dor.gov.in,Draft Model GST Laws,"Vacant Director, Fiu-Ind","Addl Secretary (Rev) & Director, FIU-IND",,"23314458, 23314435",-,https://dor.gov.in/index.php/whos-who
Department of Revenue (DoR),https://dor.gov.in,Draft Model GST Laws,"Manish K Hairat, Its",Additional Director,,,m.hairat@fiuindia.gov.in,https://dor.gov.in/index.php/whos-who
Department of Revenue (DoR),https://dor.gov.in,Draft Model GST Laws,"Srujani Mohanty, Irs",Additional Director,,,m.srujani@fiuindia.gov.in,https://dor.gov.in/index.php/whos-who
Department of Revenue (DoR),https://dor.gov.in,Draft Model GST Laws,"Shailesh Thakur, Irs",Additional Director,,,thakur.s80@gov.in,https://dor.gov.in/index.php/whos-who
Department of Revenue (DoR),https://dor.gov.in,Draft Model GST Laws,"Nikhil Varma, Irs",Additional Director,,,addl-director1@fiuindia.gov.in,https://dor.gov.in/index.php/whos-who
Department of Revenue (DoR),https://dor.gov.in,Draft Model GST Laws,"Bedobani Chaudhuri, Irs",Additional Director,,,addl-director3@fiuindia.gov.in,https://dor.gov.in/index.php/whos-who
Department of Revenue (DoR),https://dor.gov.in,Draft Model GST Laws,"Ashima Batra, Irs",Additional Director,,,addl-director2@fiuindia.gov.in,https://dor.gov.in/index.php/whos-who
Department of Revenue (DoR),https://dor.gov.in,Draft Model GST Laws,"Rajarshi Kumar, Irs",Additional Director,,,jt-dir@fiuindia.gov.in,https://dor.gov.in/index.php/whos-who
Department of Revenue (DoR),https://dor.gov.in,Draft Model GST Laws,Vasud Torsekar Ganesh,Joint Director,,,dydirector-14@fiuindia.gov.in,https://dor.gov.in/index.php/whos-who
Department of Revenue (DoR),https://dor.gov.in,Draft Model GST Laws,"Dr Swati Bhanwala, Irs",Joint Director,,,ad.esw@fiuindia.gov.in,https://dor.gov.in/index.php/whos-who
Department of Revenue (DoR),https://dor.gov.in,Draft Model GST Laws,"M Shanmuga Priya, Irs",Joint Director,,,jdir-sag@fiuindia.gov.in,https://dor.gov.in/index.php/whos-who
Department of Revenue (DoR),https://dor.gov.in,Draft Model GST Laws,"Vidhi Choudhary, Irs",Joint Director,,,dydirector-9@fiuindia.gov.in,https://dor.gov.in/index.php/whos-who
Department of Revenue (DoR),https://dor.gov.in,Draft Model GST Laws,"Dr Abhinav Ujjainia, Irs",Deputy Director,,,dydirector-18@fiuindia.gov.in,https://dor.gov.in/index.php/whos-who
Department of Revenue (DoR),https://dor.gov.in,Draft Model GST Laws,"Amit Srivastava, Ccs",Under Secretary,,,amit.s13@nic.in,https://dor.gov.in/index.php/whos-who
Department of Revenue (DoR),https://dor.gov.in,Draft Model GST Laws,"Ashok Kumar Kookna, Irs",Deputy Director,,,dydirector-21@fiuindia.gov.in,https://dor.gov.in/index.php/whos-who
Department of Revenue (DoR),https://dor.gov.in,Draft Model GST Laws,"Keshav Kishore Anand, Irs",Deputy Director,,,dydir.12@fiuindia.gov.in,https://dor.gov.in/index.php/whos-who
Department of Revenue (DoR),https://dor.gov.in,Draft Model GST Laws,"Gaurav Singh, Iss",Deputy Director,,,dydirector-11@fiuindia.gov.in,https://dor.gov.in/index.php/whos-who
Department of Revenue (DoR),https://dor.gov.in,Draft Model GST Laws,"Dr Sumit Kumar Jha, Irs",Deputy Director,,,dydirecto-10@fiuindia.gov.in,https://dor.gov.in/index.php/whos-who
Department of Revenue (DoR),https://dor.gov.in,Draft Model GST Laws,"V Ilancheliyan, Iofs",Deputy Director,,,dydirector-17@fiuindia.gov.in,https://dor.gov.in/index.php/whos-who
Department of Revenue (DoR),https://dor.gov.in,Draft Model GST Laws,"Vikas Aswal, Irs",Deputy Director,,,dd-esw@fiuindia.gov.in,https://dor.gov.in/index.php/whos-who
Department of Revenue (DoR),https://dor.gov.in,Draft Model GST Laws,"Honey Patodi, Irs",Deputy Director,,,dydirector-15@fiuindia.gov.in,https://dor.gov.in/index.php/whos-who
Department of Revenue (DoR),https://dor.gov.in,Draft Model GST Laws,"Seuj Kumar Saikia, Irs",Deputy Director,,,dydirector-19@fiuindia.gov.in,https://dor.gov.in/index.php/whos-who
Department of Revenue (DoR),https://dor.gov.in,Draft Model GST Laws,"Shardul, Irs",Deputy Director,,,dd-esw2@fiuindia.gov.in,https://dor.gov.in/index.php/whos-who
Department of Revenue (DoR),https://dor.gov.in,Draft Model GST Laws,"Keerthishri S, Irs",Deputy Director,,,dydirector-20@fiuindia.gov.in,https://dor.gov.in/index.php/whos-who
Department of Revenue (DoR),https://dor.gov.in,Draft Model GST Laws,"Avinash Kumar, Irps",Deputy Director,,,dydirector7@fiuindia.gov.in,https://dor.gov.in/index.php/whos-who
Department of Revenue (DoR),https://dor.gov.in,Draft Model GST Laws,"Shivani Maheswari, Icoas",Deputy Director,,,dydirector-22@fiuindia.gov.in,https://dor.gov.in/index.php/whos-who
Department of Revenue (DoR),https://dor.gov.in,Draft Model GST Laws,"Vipin Kumar Ashok, Irs",Assistant Director,,,asstdir-ag2@fiuindia.gov.in,https://dor.gov.in/index.php/whos-who
Department of Revenue (DoR),https://dor.gov.in,Draft Model GST Laws,"Ram Milan, Irs",Assistant Director,,,asstdir-ag3@fiuindia.gov.in,https://dor.gov.in/index.php/whos-who
Department of Revenue (DoR),https://dor.gov.in,Draft Model GST Laws,"Anand Kumar, Irs",Assistant Director,,,asstdir-sag1@fiuindia.gov.in,https://dor.gov.in/index.php/whos-who
Department of Revenue (DoR),https://dor.gov.in,Draft Model GST Laws,"Vishal Kumar, Icoas",Assistant Director,,,asstdir-sag2@fiuindia.gov.in,https://dor.gov.in/index.php/whos-who
Department of Revenue (DoR),https://dor.gov.in,Draft Model GST Laws,Hemant Kumar,Technical Director,,,hemant.kumar@nic.in,https://dor.gov.in/index.php/whos-who
Department of Revenue (DoR),https://dor.gov.in,Draft Model GST Laws,Rajeev Kumar,Scientist C,,,rajeev.kr@nic.in,https://dor.gov.in/index.php/whos-who
Department of Revenue (DoR),https://dor.gov.in,Draft Model GST Laws,Sweta Pratap,Scientist C,,,sweta.pratap@nic.in,https://dor.gov.in/index.php/whos-who
Department of Atomic Energy,https://dae.gov.in,Secretary,Dr. Ajit Kumar Mohanty,"Secretary, DAE & Chairman, AEC",,+91-22-22022543,chairman@dae.gov.in,https://dae.gov.in/whos-who/
Department of Atomic Energy,https://dae.gov.in,Office of Secretary,Shri S. M. Basha,Technical Advisor,,+91-22-22862727,basha.sm@dae.gov.in,https://dae.gov.in/whos-who/
Department of Atomic Energy,https://dae.gov.in,Office of Secretary,Shri Krishnakumar P. C.,"OSD to Secretary, DAE & Chairman, AEC",,+91-22-22862563,chairman@dae.gov.in,https://dae.gov.in/whos-who/
Department of Atomic Energy,https://dae.gov.in,Office of Secretary,Shri Anil Kumar B. K.,Deputy Secretary,,+91-22-22862562,chmn@dae.gov.in,https://dae.gov.in/whos-who/
Department of Atomic Energy,https://dae.gov.in,Nuclear Control and Planning Wing (NCPW),Shri Rajeev Keswani,"Head, NCPW",,+91-22-22043041,headncpw@dae.gov.in,https://dae.gov.in/whos-who/
Department of Atomic Energy,https://dae.gov.in,Nuclear Control and Planning Wing (NCPW),Dr. Deep Prakash,"Head, ICPD & Scientific Secretary, AEC",,+9122-22023864,head.icpd@dae.gov.in,https://dae.gov.in/whos-who/
Department of Atomic Energy,https://dae.gov.in,Nuclear Control and Planning Wing (NCPW),Shri R. Sampathkumar,"Head, IMCD",,+91-22-22862733,head.imcd@dae.gov.in,https://dae.gov.in/whos-who/
Department of Atomic Energy,https://dae.gov.in,Nuclear Control and Planning Wing (NCPW),Dr. (Smt.) Garima Sharma,"Head, SSSD",,+91-22-22876234,garimas@dae.gov.in,https://dae.gov.in/whos-who/
Department of Atomic Energy,https://dae.gov.in,Nuclear Control and Planning Wing (NCPW),Shri Rajib Das,"Scientific Officer-G, ICPD",,+91-22-22862798,rajibdas@dae.gov.in,https://dae.gov.in/whos-who/
Department of Atomic Energy,https://dae.gov.in,Nuclear Control and Planning Wing (NCPW),Shri K.S. Rajpurohit,"Scientific Officer-G, SSSD (Secondment From NPCIL)",,+91-22-22862780,ksrajpurohit@dae.gov.in,https://dae.gov.in/whos-who/
Department of Atomic Energy,https://dae.gov.in,Nuclear Control and Planning Wing (NCPW),Shri Kaushik Ghoshal,"Scientific Officer-F, SSSD",,+91-22-22862614,gkaushik@dae.gov.in,https://dae.gov.in/whos-who/
Department of Atomic Energy,https://dae.gov.in,Nuclear Control and Planning Wing (NCPW),Shri Saurav Suman,"Scientific Officer-F, ICPD",,+91-22-22862622,saurav@dae.gov.in,https://dae.gov.in/whos-who/
Department of Atomic Energy,https://dae.gov.in,Nuclear Control and Planning Wing (NCPW),Shri Mahender Singh,"Scientific Officer-F, IMCD",,+91-22-22862584,singh.m@dae.gov.in,https://dae.gov.in/whos-who/
Department of Atomic Energy,https://dae.gov.in,Nuclear Control and Planning Wing (NCPW),Shri Abhilash Kidave,"Under Secretary, NCPW",,+91-22-22862675,us_ncpw@dae.gov.in,https://dae.gov.in/whos-who/
Department of Atomic Energy,https://dae.gov.in,Administration & Accounts (A&A) and Cadre,Smt. Nidhi Pandey,Additional Secretary,,+91-22-22862571,as@dae.gov.in,https://dae.gov.in/whos-who/
Department of Atomic Energy,https://dae.gov.in,Administration & Accounts (A&A) and Cadre,Shri Chinmay Prabhakar Patil,Additional Charge of Chief Controller of Accounts,,+91-22-22026042,cca@dae.gov.in,https://dae.gov.in/whos-who/
Department of Atomic Energy,https://dae.gov.in,Administration & Accounts (A&A) and Cadre,Shri K. V. Madhavadas,Deputy Secretary (Cadre/Admin),,+91-22-22026932,dsadmins@dae.gov.in,https://dae.gov.in/whos-who/
Department of Atomic Energy,https://dae.gov.in,Administration & Accounts (A&A) and Cadre,Shri Kaushalendra Kumar,Under Secretary(Cadre/Admin/SSS),,+91-22-22862521,usadmn@dae.gov.in,https://dae.gov.in/whos-who/
Department of Atomic Energy,https://dae.gov.in,Administration & Accounts (A&A) and Cadre,Shri Suresh P. Nair,Deputy Legal Adviser,,+91-22-22025529,dla@dae.gov.in,https://dae.gov.in/whos-who/
Department of Atomic Energy,https://dae.gov.in,Administrative Training Institute (ATI),Smt. Nidhi Pandey,Additional Secretary,,+91-22-22862571,as@dae.gov.in,https://dae.gov.in/whos-who/
Department of Atomic Energy,https://dae.gov.in,Administrative Training Institute (ATI),Shri. Y. Kamalakar,Director (ATI),,+91-22-25520373,dirati@dae.gov.in,https://dae.gov.in/whos-who/
Department of Atomic Energy,https://dae.gov.in,Administrative Training Institute (ATI),Smt. Nirmala Sankhla,Deputy Director (ATI),,+91-22-25520382,ddati.dae@gov.in,https://dae.gov.in/whos-who/
Department of Atomic Energy,https://dae.gov.in,"Branch Secretariat (BS), South Block, New Delhi",Dr. Anil Kumar Chauhan,"OSD, BS",,+91-11-23014587,osd.del-dae@nic.in,https://dae.gov.in/whos-who/
Department of Atomic Energy,https://dae.gov.in,"Branch Secretariat (BS), South Block, New Delhi",Shri k. Zahir Hussain,Joint Director (OL),,+91-11-23016089,Jdol-dae@nic.in,https://dae.gov.in/whos-who/
Department of Atomic Energy,https://dae.gov.in,"Branch Secretariat (BS), South Block, New Delhi",Smt. Priya C. Kalamkar,"Under Secretary, BS",,+91-11-23792208,usdaedel@nic.in,https://dae.gov.in/whos-who/
Department of Atomic Energy,https://dae.gov.in,Centralized Security Section,Dr. Sanjay A. Lathkar,Additional D.G. (Security),,+91-22-22029874,adg@dae.gov.in,https://dae.gov.in/whos-who/
Department of Atomic Energy,https://dae.gov.in,Centralized Security Section,Shri Vinit T. Pawar,CSO,,+91-22-22862539,cso@dae.gov.in,https://dae.gov.in/whos-who/
Department of Atomic Energy,https://dae.gov.in,Computer and Information Systems Division (CISD),Shri Phool Chand,"Head, CISD",,+91-22-22043584,phool@dae.gov.in,https://dae.gov.in/whos-who/
Department of Atomic Energy,https://dae.gov.in,Crisis Management Group (CMG),Shri Rajeev Keswani,"Chairman, CMG",,+91-22-22043041,daeecr@dae.gov.in,https://dae.gov.in/whos-who/
Department of Atomic Energy,https://dae.gov.in,Crisis Management Group (CMG),Smt. Nidhi Pandey,Additional Secretary,,+91-22-22862571,as@dae.gov.in,https://dae.gov.in/whos-who/
Department of Atomic Energy,https://dae.gov.in,Crisis Management Group (CMG),Shri Saras Seth,"Member Secretary, CMG",,+91-22-22836901,ms.cmg@dae.gov.in,https://dae.gov.in/whos-who/
Department of Atomic Energy,https://dae.gov.in,Crisis Management Group (CMG),Shri Deepak Sharma,"Scientific Officer-F, CMG",,+91-22-22862776,deepak@dae.gov.in,https://dae.gov.in/whos-who/
Department of Atomic Energy,https://dae.gov.in,CHSS Cell,Smt. Nidhi Pandey,Additional Secretary,,+91-22-22862571,as@dae.gov.in,https://dae.gov.in/whos-who/
Department of Atomic Energy,https://dae.gov.in,CHSS Cell,Shri Padmakar Kushwaha,Director,,+91-22-22562719,padmakark@dae.gov.in,https://dae.gov.in/whos-who/
Department of Atomic Energy,https://dae.gov.in,CHSS Cell,Dr Raj Kumar Jha,Under Secretary,,+91-22-22862738,usirw@dae.gov.in,https://dae.gov.in/whos-who/
Department of Atomic Energy,https://dae.gov.in,DAE Intellectual Property Rights (DAE-IPR Cell),Dr. Deep Prakash,"Chairman, IPR Cell",,+91-22-22023864,chairman.iprcell@dae.gov.in,https://dae.gov.in/whos-who/
Department of Atomic Energy,https://dae.gov.in,DAE Intellectual Property Rights (DAE-IPR Cell),Shri. R. Sampathkumar,"Nodal Officer, IPR Cell",,+91-22-22862733,nodal.iprcell@dae.gov.in,https://dae.gov.in/whos-who/
Department of Atomic Energy,https://dae.gov.in,DAE Intellectual Property Rights (DAE-IPR Cell),Shri Mahender Singh,"Member-Secretary, IPR Cell",,+91-22-22862584,ms.iprcell@dae.gov.in,https://dae.gov.in/whos-who/
Department of Atomic Energy,https://dae.gov.in,DAE Intellectual Property Rights (DAE-IPR Cell),Shri. Saurav Suman,"Member, IPR Cell",,+91-22-22862622,iproffice@dae.gov.in,https://dae.gov.in/whos-who/
Department of Atomic Energy,https://dae.gov.in,External Relation,Shri P.S. Karthigeyan,Joint Secretary (ER),,+91-22-22862559,jser@dae.gov.in,https://dae.gov.in/whos-who/
Department of Atomic Energy,https://dae.gov.in,External Relation,Shri. Paresh Nath Mahadani,Deputy Secretary (ER),,+91-22-22862516,direr.power@dae.gov.in,https://dae.gov.in/whos-who/
Department of Atomic Energy,https://dae.gov.in,Power,Shri P.S. Karthigeyan,Joint Secretary (Power),,+91-22-22862559,jser@dae.gov.in,https://dae.gov.in/whos-who/
Department of Atomic Energy,https://dae.gov.in,Power,Shri. Paresh Nath Mahadani,Deputy Secretary (Power),,+91-22-22862516,direr.power@dae.gov.in,https://dae.gov.in/whos-who/
Department of Atomic Energy,https://dae.gov.in,Power,Shri K. Vinod,Under Secretary (Power),,+91-22-22862536,uspower@dae.gov.in,https://dae.gov.in/whos-who/
Department of Atomic Energy,https://dae.gov.in,Finance,Smt. Seema Jain,Member Finance,,+91-22-22862556,mf@dae.gov.in,https://dae.gov.in/whos-who/
Department of Atomic Energy,https://dae.gov.in,Finance,Shri Muthukrishnan Sankaranarayanan,Joint Secretary (Finance),,+91-22-22023896,jsf@dae.gov.in,https://dae.gov.in/whos-who/
Department of Atomic Energy,https://dae.gov.in,Finance,Smt. Arjit Sagar,Director (F),,+91-22-22022715,dirf@dae.gov.in,https://dae.gov.in/whos-who/
Department of Atomic Energy,https://dae.gov.in,Industries & Minerals (I&M),Ms. Anjali Sinha,Joint Secretary (I&M),,+91-22-22862616,jsim@dae.gov.in,https://dae.gov.in/whos-who/
Department of Atomic Energy,https://dae.gov.in,Industries & Minerals (I&M),Shri Nitin Bhanudas Jawale,Revisional Authority (RA),,+91-22-22862531,dirrd@dae.gov.in,https://dae.gov.in/whos-who/
Department of Atomic Energy,https://dae.gov.in,Industries & Minerals (I&M),Shri Padmakar Kushwaha,Director (I&M),,+91-22-22862719,dsim@dae.gov.in,https://dae.gov.in/whos-who/
Department of Atomic Energy,https://dae.gov.in,Industries & Minerals (I&M),Shri N. M. Suresh,Under Secretary (I&M & PSU),,+91-22-22862529,usim@dae.gov.in,https://dae.gov.in/whos-who/
Department of Atomic Energy,https://dae.gov.in,Integrated Finance Wing (IFW),Shri Sandeep Raj,Joint Secretary & FA,,+91-22-22862542,jsfa@dae.gov.in,https://dae.gov.in/whos-who/
Department of Atomic Energy,https://dae.gov.in,Integrated Finance Wing (IFW),Ms. Lakshmi Latha Nair,Under Secretary IFW,,+91-22-22862820,usifw@dae.gov.in,https://dae.gov.in/whos-who/
Department of Atomic Energy,https://dae.gov.in,Industrial Relations & Welfare (IRW) Section,Smt. Nidhi Pandey,Additional Secretary,,+91-22-22862571,as@dae.gov.in,https://dae.gov.in/whos-who/
Department of Atomic Energy,https://dae.gov.in,Industrial Relations & Welfare (IRW) Section,Shri K. V. Madhavadas,Deputy Secretary,,+91-22-22022174,dsadmins@dae.gov.in,https://dae.gov.in/whos-who/
Department of Atomic Energy,https://dae.gov.in,Industrial Relations & Welfare (IRW) Section,Dr Raj Kumar Jha,Under Secretary (IRW),,+91-22-22862738,usirw@dae.gov.in,https://dae.gov.in/whos-who/
Department of Atomic Energy,https://dae.gov.in,Official Language (OL),Shri Achleashwar Singh,Director (OL),,+91-22-22862534,dir-ol@dae.gov.in,https://dae.gov.in/whos-who/
Department of Atomic Energy,https://dae.gov.in,Official Language (OL),Dr. Syed Masoom Raza,Deputy Director (OL),,+91-22-22862602,ddol@dae.gov.in,https://dae.gov.in/whos-who/
Department of Atomic Energy,https://dae.gov.in,Official Language (OL),Shri Navin Madhukar Bhate,Assistant Director (OL),,+91-22-22862736,adhindi@dae.gov.in,https://dae.gov.in/whos-who/
Department of Atomic Energy,https://dae.gov.in,Parliament Section,Smt. Nidhi Pandey,Additional Secretary,,+91-22-22862571,as@dae.gov.in,https://dae.gov.in/whos-who/
Department of Atomic Energy,https://dae.gov.in,Parliament Section,Shri K. V. Madhavadas,Deputy Secretary,,+91-22-22043070,dirrd@dae.gov.in,https://dae.gov.in/whos-who/
Department of Atomic Energy,https://dae.gov.in,Parliament Section,Dr Raj Kumar Jha,Under Secretary,,+91-22-22862738,uspar@dae.gov.in,https://dae.gov.in/whos-who/
Department of Atomic Energy,https://dae.gov.in,Parliament Section,Shri. Kishor Ashok Morey,Section Officer,,+91-22-22862757,ja@dae.gov.in,https://dae.gov.in/whos-who/
Department of Atomic Energy,https://dae.gov.in,Public Awareness and Media Interaction Division (PAMID),Shri Reetesh Chaurasia,"Head, PA&MID",,+91-22-22862505,ritesh@dae.gov.in,https://dae.gov.in/whos-who/
Department of Atomic Energy,https://dae.gov.in,Public Awareness and Media Interaction Division (PAMID),Shri Satish Rajamani Iyer,"Scientific Officer-F, PAMID",,+91-22-22862665,library@dae.gov.in,https://dae.gov.in/whos-who/
Department of Atomic Energy,https://dae.gov.in,Public Awareness and Media Interaction Division (PAMID),Shri G. S. Kurhade,Administrative Officer III (PR),,+91-22-22862512,pro@dae.gov.in,https://dae.gov.in/whos-who/
Department of Atomic Energy,https://dae.gov.in,Research & Development (R&D),Smt. Nidhi Pandey,Joint Secretary (R&D),,+91-22-22022571,jsrd@dae.gov.in,https://dae.gov.in/whos-who/
Department of Atomic Energy,https://dae.gov.in,Research & Development (R&D),Shri Nitin Bhanudas Jawale,Director,,+91-22-22862742,dirrd@dae.gov.in,https://dae.gov.in/whos-who/
Department of Atomic Energy,https://dae.gov.in,Research & Development (R&D),Shri H.L. Jadhav,Under Secretary (R&D-I),,+91-22-22862541,usrd@dae.gov.in,https://dae.gov.in/whos-who/
Department of Atomic Energy,https://dae.gov.in,Secretariat Coordination Section & Service Unit Section,Smt. Nidhi Pandey,Additional Secretary,,+91-22-22862571,as@dae.gov.in,https://dae.gov.in/whos-who/
Department of Atomic Energy,https://dae.gov.in,Secretariat Coordination Section & Service Unit Section,Shri K. V. Madhavadas,Deputy Secretary,,+91-22-22022174,dsadmins@dae.gov.in,https://dae.gov.in/whos-who/
Department of Atomic Energy,https://dae.gov.in,Secretariat Support Section,Smt. Nidhi Pandey,Additional Secretary,,+91-22-22862571,as@dae.gov.in,https://dae.gov.in/whos-who/
Department of Atomic Energy,https://dae.gov.in,Secretariat Support Section,Shri Padmakar Kushwaha,Director,,+91-22-22862719,padmakark@dae.gov.in,https://dae.gov.in/whos-who/
Department of Atomic Energy,https://dae.gov.in,Secretariat Support Section,Shri Kaushalendra Kumar,Under Secretary,,+91-22-22862521,usadmn@dae.gov.in,https://dae.gov.in/whos-who/
Department of Atomic Energy,https://dae.gov.in,Vigilance Section,Smt. Nidhi Pandey,Additional Secretary,,+91-22-22862571,as@dae.gov.in,https://dae.gov.in/whos-who/
Department of Atomic Energy,https://dae.gov.in,Vigilance Section,Shri K. V. Madhavadas,Deputy Secretary,,+91-22-22043070,dirrd@dae.gov.in,https://dae.gov.in/whos-who/
Department of Atomic Energy,https://dae.gov.in,Vigilance Section,Shri. Vinod Kumar C.K.,"Under Secretary, Vigilance",,+91-22-22862540,usvig@dae.gov.in,https://dae.gov.in/whos-who/
